Timestamp,City,Weather Type,Latitude,Longitude,Temperature (°C),Feels Like (°C),Min Temp (°C),Max Temp (°C),Humidity (%),Pressure (hPa),Wind Speed (m/s),Wind Direction (°),Cloudiness (%),Weather Condition,Rain (Last 1h) (mm),Snow (Last 1h) (mm),Sunrise,Sunset,Rain (3h) (mm),Snow (3h) (mm)
2025-02-03 11:00:41.591586,Bengaluru,Current,12.9762,77.6033,28.8,27.61,28.25,29.9,28,1010,4.63,90,25,scattered clouds,0.0,0.0,2025-02-03 01:15:29,2025-02-03 12:51:15,,
2025-02-03 12:00:00.000000,Bengaluru,Forecast,12.9762,77.6033,28.8,27.61,27.86,28.8,28,1011,5.04,112,34,scattered clouds,,,2025-02-03 01:15:29,2025-02-03 12:51:15,0.0,0.0
2025-02-03 15:00:00.000000,Bengaluru,Forecast,12.9762,77.6033,26.55,26.55,22.04,26.55,30,1012,5.53,113,39,scattered clouds,,,2025-02-03 01:15:29,2025-02-03 12:51:15,0.0,0.0
2025-02-03 18:00:00.000000,Bengaluru,Forecast,12.9762,77.6033,22.87,22.2,19.91,22.87,38,1014,4.55,101,57,broken clouds,,,2025-02-03 01:15:29,2025-02-03 12:51:15,0.0,0.0
2025-02-03 21:00:00.000000,Bengaluru,Forecast,12.9762,77.6033,18.14,17.39,18.14,18.14,53,1013,3.26,103,74,broken clouds,,,2025-02-03 01:15:29,2025-02-03 12:51:15,0.0,0.0
2025-02-04 00:00:00.000000,Bengaluru,Forecast,12.9762,77.6033,17.2,16.39,17.2,17.2,54,1013,2.71,103,81,broken clouds,,,2025-02-03 01:15:29,2025-02-03 12:51:15,0.0,0.0
2025-02-04 03:00:00.000000,Bengaluru,Forecast,12.9762,77.6033,20.98,20.13,20.98,20.98,38,1015,2.89,106,98,overcast clouds,,,2025-02-03 01:15:29,2025-02-03 12:51:15,0.0,0.0
2025-02-04 06:00:00.000000,Bengaluru,Forecast,12.9762,77.6033,27.84,26.59,27.84,27.84,18,1014,3.94,109,99,overcast clouds,,,2025-02-03 01:15:29,2025-02-03 12:51:15,0.0,0.0
2025-02-04 09:00:00.000000,Bengaluru,Forecast,12.9762,77.6033,30.19,28.28,30.19,30.19,14,1010,4.57,113,93,overcast clouds,,,2025-02-03 01:15:29,2025-02-03 12:51:15,0.0,0.0
2025-02-04 12:00:00.000000,Bengaluru,Forecast,12.9762,77.6033,28.13,26.83,28.13,28.13,20,1010,4.62,116,80,broken clouds,,,2025-02-03 01:15:29,2025-02-03 12:51:15,0.0,0.0
2025-02-04 15:00:00.000000,Bengaluru,Forecast,12.9762,77.6033,22.5,21.69,22.5,22.5,34,1013,5.2,115,89,overcast clouds,,,2025-02-03 01:15:29,2025-02-03 12:51:15,0.0,0.0
2025-02-04 18:00:00.000000,Bengaluru,Forecast,12.9762,77.6033,20.19,19.49,20.19,20.19,47,1014,3.91,108,94,overcast clouds,,,2025-02-03 01:15:29,2025-02-03 12:51:15,0.0,0.0
2025-02-04 21:00:00.000000,Bengaluru,Forecast,12.9762,77.6033,18.99,18.43,18.99,18.99,57,1012,3.41,102,100,overcast clouds,,,2025-02-03 01:15:29,2025-02-03 12:51:15,0.0,0.0
2025-02-05 00:00:00.000000,Bengaluru,Forecast,12.9762,77.6033,17.89,17.3,17.89,17.89,60,1012,2.93,119,100,overcast clouds,,,2025-02-03 01:15:29,2025-02-03 12:51:15,0.0,0.0
2025-02-05 03:00:00.000000,Bengaluru,Forecast,12.9762,77.6033,21.06,20.47,21.06,21.06,48,1014,3.22,123,97,overcast clouds,,,2025-02-03 01:15:29,2025-02-03 12:51:15,0.0,0.0
2025-02-05 06:00:00.000000,Bengaluru,Forecast,12.9762,77.6033,28.22,26.95,28.22,28.22,22,1013,4.38,114,87,overcast clouds,,,2025-02-03 01:15:29,2025-02-03 12:51:15,0.0,0.0
2025-02-05 09:00:00.000000,Bengaluru,Forecast,12.9762,77.6033,30.08,28.27,30.08,30.08,19,1008,4.84,113,97,overcast clouds,,,2025-02-03 01:15:29,2025-02-03 12:51:15,0.0,0.0
2025-02-05 12:00:00.000000,Bengaluru,Forecast,12.9762,77.6033,27.98,26.81,27.98,27.98,23,1009,4.83,112,98,overcast clouds,,,2025-02-03 01:15:29,2025-02-03 12:51:15,0.0,0.0
2025-02-05 15:00:00.000000,Bengaluru,Forecast,12.9762,77.6033,22.75,22.2,22.75,22.75,43,1012,5.45,116,99,overcast clouds,,,2025-02-03 01:15:29,2025-02-03 12:51:15,0.0,0.0
2025-02-05 18:00:00.000000,Bengaluru,Forecast,12.9762,77.6033,20.41,19.94,20.41,20.41,55,1013,4.05,106,100,overcast clouds,,,2025-02-03 01:15:29,2025-02-03 12:51:15,0.0,0.0
2025-02-05 21:00:00.000000,Bengaluru,Forecast,12.9762,77.6033,18.59,18.2,18.59,18.59,65,1011,3.47,110,94,overcast clouds,,,2025-02-03 01:15:29,2025-02-03 12:51:15,0.0,0.0
2025-02-06 00:00:00.000000,Bengaluru,Forecast,12.9762,77.6033,17.04,16.71,17.04,17.04,73,1011,2.84,116,80,broken clouds,,,2025-02-03 01:15:29,2025-02-03 12:51:15,0.0,0.0
2025-02-06 03:00:00.000000,Bengaluru,Forecast,12.9762,77.6033,20.84,20.39,20.84,20.84,54,1013,3.72,114,91,overcast clouds,,,2025-02-03 01:15:29,2025-02-03 12:51:15,0.0,0.0
2025-02-06 06:00:00.000000,Bengaluru,Forecast,12.9762,77.6033,27.95,26.73,27.95,27.95,21,1012,4.52,113,69,broken clouds,,,2025-02-03 01:15:29,2025-02-03 12:51:15,0.0,0.0
2025-02-06 09:00:00.000000,Bengaluru,Forecast,12.9762,77.6033,30.1,28.27,30.1,30.1,18,1009,4.83,122,44,scattered clouds,,,2025-02-03 01:15:29,2025-02-03 12:51:15,0.0,0.0
2025-02-06 12:00:00.000000,Bengaluru,Forecast,12.9762,77.6033,28.34,27.03,28.34,28.34,22,1009,4.3,116,32,scattered clouds,,,2025-02-03 01:15:29,2025-02-03 12:51:15,0.0,0.0
2025-02-06 15:00:00.000000,Bengaluru,Forecast,12.9762,77.6033,22.61,21.89,22.61,22.61,37,1012,4.95,113,90,overcast clouds,,,2025-02-03 01:15:29,2025-02-03 12:51:15,0.0,0.0
2025-02-06 18:00:00.000000,Bengaluru,Forecast,12.9762,77.6033,19.97,19.33,19.97,19.97,50,1013,4.1,105,95,overcast clouds,,,2025-02-03 01:15:29,2025-02-03 12:51:15,0.0,0.0
2025-02-06 21:00:00.000000,Bengaluru,Forecast,12.9762,77.6033,17.81,17.16,17.81,17.81,58,1012,3.43,100,23,few clouds,,,2025-02-03 01:15:29,2025-02-03 12:51:15,0.0,0.0
2025-02-07 00:00:00.000000,Bengaluru,Forecast,12.9762,77.6033,16.55,15.78,16.55,16.55,58,1012,2.86,108,14,few clouds,,,2025-02-03 01:15:29,2025-02-03 12:51:15,0.0,0.0
2025-02-07 03:00:00.000000,Bengaluru,Forecast,12.9762,77.6033,21.2,20.37,21.2,21.2,38,1014,3.0,116,20,few clouds,,,2025-02-03 01:15:29,2025-02-03 12:51:15,0.0,0.0
2025-02-07 06:00:00.000000,Bengaluru,Forecast,12.9762,77.6033,28.89,27.28,28.89,28.89,14,1013,4.94,94,16,few clouds,,,2025-02-03 01:15:29,2025-02-03 12:51:15,0.0,0.0
2025-02-07 09:00:00.000000,Bengaluru,Forecast,12.9762,77.6033,30.99,28.92,30.99,30.99,13,1010,6.22,95,12,few clouds,,,2025-02-03 01:15:29,2025-02-03 12:51:15,0.0,0.0
2025-02-07 12:00:00.000000,Bengaluru,Forecast,12.9762,77.6033,28.48,27.06,28.48,28.48,19,1010,5.57,102,11,few clouds,,,2025-02-03 01:15:29,2025-02-03 12:51:15,0.0,0.0
2025-02-07 15:00:00.000000,Bengaluru,Forecast,12.9762,77.6033,22.44,21.63,22.44,22.44,34,1013,4.54,111,7,clear sky,,,2025-02-03 01:15:29,2025-02-03 12:51:15,0.0,0.0
2025-02-07 18:00:00.000000,Bengaluru,Forecast,12.9762,77.6033,20.22,19.45,20.22,20.22,44,1014,3.42,105,5,clear sky,,,2025-02-03 01:15:29,2025-02-03 12:51:15,0.0,0.0
2025-02-07 21:00:00.000000,Bengaluru,Forecast,12.9762,77.6033,18.7,17.93,18.7,18.7,50,1012,2.65,96,7,clear sky,,,2025-02-03 01:15:29,2025-02-03 12:51:15,0.0,0.0
2025-02-08 00:00:00.000000,Bengaluru,Forecast,12.9762,77.6033,17.54,16.76,17.54,17.54,54,1012,2.63,111,6,clear sky,,,2025-02-03 01:15:29,2025-02-03 12:51:15,0.0,0.0
2025-02-08 03:00:00.000000,Bengaluru,Forecast,12.9762,77.6033,21.82,21.02,21.82,21.82,37,1014,2.86,114,5,clear sky,,,2025-02-03 01:15:29,2025-02-03 12:51:15,0.0,0.0
2025-02-08 06:00:00.000000,Bengaluru,Forecast,12.9762,77.6033,28.88,27.37,28.88,28.88,20,1013,4.74,109,6,clear sky,,,2025-02-03 01:15:29,2025-02-03 12:51:15,0.0,0.0
2025-02-08 09:00:00.000000,Bengaluru,Forecast,12.9762,77.6033,31.11,29.1,31.11,31.11,18,1009,5.69,102,5,clear sky,,,2025-02-03 01:15:29,2025-02-03 12:51:15,0.0,0.0
2025-02-03 11:00:41.643510,Mumbai,Current,19.0144,72.8479,27.99,28.18,26.94,27.99,47,1010,4.63,300,66,smoke,0.0,0.0,2025-02-03 01:42:11,2025-02-03 13:02:36,,
2025-02-03 12:00:00.000000,Mumbai,Forecast,19.0144,72.8479,27.99,28.18,25.18,27.99,47,1011,7.03,316,56,broken clouds,,,2025-02-03 01:42:11,2025-02-03 13:02:36,0.0,0.0
2025-02-03 15:00:00.000000,Mumbai,Forecast,19.0144,72.8479,26.88,27.48,24.67,26.88,53,1012,5.31,331,55,broken clouds,,,2025-02-03 01:42:11,2025-02-03 13:02:36,0.0,0.0
2025-02-03 18:00:00.000000,Mumbai,Forecast,19.0144,72.8479,25.71,25.82,24.57,25.71,57,1012,3.4,337,53,broken clouds,,,2025-02-03 01:42:11,2025-02-03 13:02:36,0.0,0.0
2025-02-03 21:00:00.000000,Mumbai,Forecast,19.0144,72.8479,24.0,24.23,24.0,24.0,68,1012,5.06,341,7,clear sky,,,2025-02-03 01:42:11,2025-02-03 13:02:36,0.0,0.0
2025-02-04 00:00:00.000000,Mumbai,Forecast,19.0144,72.8479,23.52,23.62,23.52,23.52,65,1012,3.63,353,11,few clouds,,,2025-02-03 01:42:11,2025-02-03 13:02:36,0.0,0.0
2025-02-04 03:00:00.000000,Mumbai,Forecast,19.0144,72.8479,23.54,23.57,23.54,23.54,62,1014,2.6,8,66,broken clouds,,,2025-02-03 01:42:11,2025-02-03 13:02:36,0.0,0.0
2025-02-04 06:00:00.000000,Mumbai,Forecast,19.0144,72.8479,25.35,25.48,25.35,25.35,59,1015,4.17,330,42,scattered clouds,,,2025-02-03 01:42:11,2025-02-03 13:02:36,0.0,0.0
2025-02-04 09:00:00.000000,Mumbai,Forecast,19.0144,72.8479,24.86,25.05,24.86,24.86,63,1012,8.55,325,19,few clouds,,,2025-02-03 01:42:11,2025-02-03 13:02:36,0.0,0.0
2025-02-04 12:00:00.000000,Mumbai,Forecast,19.0144,72.8479,24.8,24.82,24.8,24.8,57,1011,8.63,329,28,scattered clouds,,,2025-02-03 01:42:11,2025-02-03 13:02:36,0.0,0.0
2025-02-04 15:00:00.000000,Mumbai,Forecast,19.0144,72.8479,24.86,24.84,24.86,24.86,55,1013,7.74,337,41,scattered clouds,,,2025-02-03 01:42:11,2025-02-03 13:02:36,0.0,0.0
2025-02-04 18:00:00.000000,Mumbai,Forecast,19.0144,72.8479,24.68,24.59,24.68,24.68,53,1013,6.09,350,48,scattered clouds,,,2025-02-03 01:42:11,2025-02-03 13:02:36,0.0,0.0
2025-02-04 21:00:00.000000,Mumbai,Forecast,19.0144,72.8479,23.98,23.71,23.98,23.98,49,1011,5.01,3,17,few clouds,,,2025-02-03 01:42:11,2025-02-03 13:02:36,0.0,0.0
2025-02-05 00:00:00.000000,Mumbai,Forecast,19.0144,72.8479,23.41,23.06,23.41,23.41,48,1011,5.5,5,24,few clouds,,,2025-02-03 01:42:11,2025-02-03 13:02:36,0.0,0.0
2025-02-05 03:00:00.000000,Mumbai,Forecast,19.0144,72.8479,22.92,22.44,22.92,22.92,45,1013,5.73,15,9,clear sky,,,2025-02-03 01:42:11,2025-02-03 13:02:36,0.0,0.0
2025-02-05 06:00:00.000000,Mumbai,Forecast,19.0144,72.8479,25.42,25.09,25.42,25.42,41,1013,5.15,351,9,clear sky,,,2025-02-03 01:42:11,2025-02-03 13:02:36,0.0,0.0
2025-02-05 09:00:00.000000,Mumbai,Forecast,19.0144,72.8479,26.25,26.25,26.25,26.25,48,1009,8.36,327,0,clear sky,,,2025-02-03 01:42:11,2025-02-03 13:02:36,0.0,0.0
2025-02-05 12:00:00.000000,Mumbai,Forecast,19.0144,72.8479,24.65,24.61,24.65,24.65,55,1009,11.07,330,0,clear sky,,,2025-02-03 01:42:11,2025-02-03 13:02:36,0.0,0.0
2025-02-05 15:00:00.000000,Mumbai,Forecast,19.0144,72.8479,24.79,24.79,24.79,24.79,56,1011,8.67,344,0,clear sky,,,2025-02-03 01:42:11,2025-02-03 13:02:36,0.0,0.0
2025-02-05 18:00:00.000000,Mumbai,Forecast,19.0144,72.8479,24.78,24.62,24.78,24.78,50,1011,4.75,359,0,clear sky,,,2025-02-03 01:42:11,2025-02-03 13:02:36,0.0,0.0
2025-02-05 21:00:00.000000,Mumbai,Forecast,19.0144,72.8479,24.32,23.93,24.32,24.32,43,1009,4.33,3,0,clear sky,,,2025-02-03 01:42:11,2025-02-03 13:02:36,0.0,0.0
2025-02-06 00:00:00.000000,Mumbai,Forecast,19.0144,72.8479,23.87,23.28,23.87,23.87,37,1009,4.9,6,0,clear sky,,,2025-02-03 01:42:11,2025-02-03 13:02:36,0.0,0.0
2025-02-06 03:00:00.000000,Mumbai,Forecast,19.0144,72.8479,23.83,23.18,23.83,23.83,35,1011,4.07,17,1,clear sky,,,2025-02-03 01:42:11,2025-02-03 13:02:36,0.0,0.0
2025-02-06 06:00:00.000000,Mumbai,Forecast,19.0144,72.8479,26.02,26.02,26.02,26.02,39,1012,4.73,346,1,clear sky,,,2025-02-03 01:42:11,2025-02-03 13:02:36,0.0,0.0
2025-02-06 09:00:00.000000,Mumbai,Forecast,19.0144,72.8479,26.71,27.05,26.71,26.71,48,1008,6.94,319,0,clear sky,,,2025-02-03 01:42:11,2025-02-03 13:02:36,0.0,0.0
2025-02-06 12:00:00.000000,Mumbai,Forecast,19.0144,72.8479,25.84,25.94,25.84,25.84,56,1008,7.05,322,0,clear sky,,,2025-02-03 01:42:11,2025-02-03 13:02:36,0.0,0.0
2025-02-06 15:00:00.000000,Mumbai,Forecast,19.0144,72.8479,25.66,25.87,25.66,25.66,61,1010,5.6,341,0,clear sky,,,2025-02-03 01:42:11,2025-02-03 13:02:36,0.0,0.0
2025-02-06 18:00:00.000000,Mumbai,Forecast,19.0144,72.8479,25.84,26.05,25.84,25.84,60,1010,2.18,15,0,clear sky,,,2025-02-03 01:42:11,2025-02-03 13:02:36,0.0,0.0
2025-02-06 21:00:00.000000,Mumbai,Forecast,19.0144,72.8479,25.48,25.55,25.48,25.48,56,1009,1.45,103,0,clear sky,,,2025-02-03 01:42:11,2025-02-03 13:02:36,0.0,0.0
2025-02-07 00:00:00.000000,Mumbai,Forecast,19.0144,72.8479,25.14,25.17,25.14,25.14,56,1009,1.61,94,0,clear sky,,,2025-02-03 01:42:11,2025-02-03 13:02:36,0.0,0.0
2025-02-07 03:00:00.000000,Mumbai,Forecast,19.0144,72.8479,25.45,25.36,25.45,25.45,50,1011,2.66,83,0,clear sky,,,2025-02-03 01:42:11,2025-02-03 13:02:36,0.0,0.0
2025-02-07 06:00:00.000000,Mumbai,Forecast,19.0144,72.8479,27.74,27.93,27.74,27.74,47,1012,1.13,153,0,clear sky,,,2025-02-03 01:42:11,2025-02-03 13:02:36,0.0,0.0
2025-02-07 09:00:00.000000,Mumbai,Forecast,19.0144,72.8479,27.09,27.63,27.09,27.09,52,1009,5.74,255,0,clear sky,,,2025-02-03 01:42:11,2025-02-03 13:02:36,0.0,0.0
2025-02-07 12:00:00.000000,Mumbai,Forecast,19.0144,72.8479,26.58,26.58,26.58,26.58,62,1009,5.4,301,0,clear sky,,,2025-02-03 01:42:11,2025-02-03 13:02:36,0.0,0.0
2025-02-07 15:00:00.000000,Mumbai,Forecast,19.0144,72.8479,26.0,26.0,26.0,26.0,65,1011,1.83,3,0,clear sky,,,2025-02-03 01:42:11,2025-02-03 13:02:36,0.0,0.0
2025-02-07 18:00:00.000000,Mumbai,Forecast,19.0144,72.8479,26.04,26.04,26.04,26.04,62,1011,1.46,148,0,clear sky,,,2025-02-03 01:42:11,2025-02-03 13:02:36,0.0,0.0
2025-02-07 21:00:00.000000,Mumbai,Forecast,19.0144,72.8479,25.79,26.02,25.79,25.79,61,1009,1.28,111,1,clear sky,,,2025-02-03 01:42:11,2025-02-03 13:02:36,0.0,0.0
2025-02-08 00:00:00.000000,Mumbai,Forecast,19.0144,72.8479,25.56,25.79,25.56,25.56,62,1009,0.9,359,3,clear sky,,,2025-02-03 01:42:11,2025-02-03 13:02:36,0.0,0.0
2025-02-08 03:00:00.000000,Mumbai,Forecast,19.0144,72.8479,25.72,25.81,25.72,25.72,56,1011,2.08,120,6,clear sky,,,2025-02-03 01:42:11,2025-02-03 13:02:36,0.0,0.0
2025-02-08 06:00:00.000000,Mumbai,Forecast,19.0144,72.8479,26.95,27.49,26.95,26.95,52,1012,1.41,226,4,clear sky,,,2025-02-03 01:42:11,2025-02-03 13:02:36,0.0,0.0
2025-02-08 09:00:00.000000,Mumbai,Forecast,19.0144,72.8479,26.63,26.63,26.63,26.63,60,1009,4.45,238,0,clear sky,,,2025-02-03 01:42:11,2025-02-03 13:02:36,0.0,0.0
2025-02-03 11:00:41.698482,Delhi,Current,28.6667,77.2167,22.05,21.17,22.05,22.05,33,1012,2.06,260,4,haze,0.0,0.0,2025-02-03 01:38:16,2025-02-03 12:31:34,,
2025-02-03 12:00:00.000000,Delhi,Forecast,28.6667,77.2167,22.05,21.17,22.05,23.07,33,1012,2.34,279,3,clear sky,,,2025-02-03 01:38:16,2025-02-03 12:31:34,0.0,0.0
2025-02-03 15:00:00.000000,Delhi,Forecast,28.6667,77.2167,21.51,20.55,20.42,21.51,32,1013,1.22,330,2,clear sky,,,2025-02-03 01:38:16,2025-02-03 12:31:34,0.0,0.0
2025-02-03 18:00:00.000000,Delhi,Forecast,28.6667,77.2167,20.04,18.96,19.04,20.04,33,1014,0.85,84,10,clear sky,,,2025-02-03 01:38:16,2025-02-03 12:31:34,0.0,0.0
2025-02-03 21:00:00.000000,Delhi,Forecast,28.6667,77.2167,18.65,17.38,18.65,18.65,31,1013,0.78,346,46,scattered clouds,,,2025-02-03 01:38:16,2025-02-03 12:31:34,0.0,0.0
2025-02-04 00:00:00.000000,Delhi,Forecast,28.6667,77.2167,17.83,16.5,17.83,17.83,32,1013,1.0,129,65,broken clouds,,,2025-02-03 01:38:16,2025-02-03 12:31:34,0.0,0.0
2025-02-04 03:00:00.000000,Delhi,Forecast,28.6667,77.2167,19.01,17.72,19.01,19.01,29,1014,2.39,73,99,overcast clouds,,,2025-02-03 01:38:16,2025-02-03 12:31:34,0.0,0.0
2025-02-04 06:00:00.000000,Delhi,Forecast,28.6667,77.2167,24.21,23.47,24.21,24.21,30,1015,4.07,161,89,overcast clouds,,,2025-02-03 01:38:16,2025-02-03 12:31:34,0.0,0.0
2025-02-04 09:00:00.000000,Delhi,Forecast,28.6667,77.2167,23.08,22.72,23.08,23.08,49,1012,2.99,211,99,overcast clouds,,,2025-02-03 01:38:16,2025-02-03 12:31:34,0.0,0.0
2025-02-04 12:00:00.000000,Delhi,Forecast,28.6667,77.2167,22.02,21.58,22.02,22.02,50,1011,3.12,184,54,broken clouds,,,2025-02-03 01:38:16,2025-02-03 12:31:34,0.0,0.0
2025-02-04 15:00:00.000000,Delhi,Forecast,28.6667,77.2167,19.77,19.4,19.77,19.77,61,1012,2.18,155,2,clear sky,,,2025-02-03 01:38:16,2025-02-03 12:31:34,0.0,0.0
2025-02-04 18:00:00.000000,Delhi,Forecast,28.6667,77.2167,18.28,17.83,18.28,18.28,64,1013,2.38,207,1,clear sky,,,2025-02-03 01:38:16,2025-02-03 12:31:34,0.0,0.0
2025-02-04 21:00:00.000000,Delhi,Forecast,28.6667,77.2167,16.85,16.18,16.85,16.85,61,1012,1.64,291,0,clear sky,,,2025-02-03 01:38:16,2025-02-03 12:31:34,0.0,0.0
2025-02-05 00:00:00.000000,Delhi,Forecast,28.6667,77.2167,15.37,14.61,15.37,15.37,63,1013,2.05,315,0,clear sky,,,2025-02-03 01:38:16,2025-02-03 12:31:34,0.0,0.0
2025-02-05 03:00:00.000000,Delhi,Forecast,28.6667,77.2167,16.28,15.14,16.28,16.28,45,1015,2.43,296,0,clear sky,,,2025-02-03 01:38:16,2025-02-03 12:31:34,0.0,0.0
2025-02-05 06:00:00.000000,Delhi,Forecast,28.6667,77.2167,23.0,21.85,23.0,23.0,19,1015,3.21,296,0,clear sky,,,2025-02-03 01:38:16,2025-02-03 12:31:34,0.0,0.0
2025-02-05 09:00:00.000000,Delhi,Forecast,28.6667,77.2167,25.22,24.11,25.22,25.22,12,1012,4.56,287,0,clear sky,,,2025-02-03 01:38:16,2025-02-03 12:31:34,0.0,0.0
2025-02-05 12:00:00.000000,Delhi,Forecast,28.6667,77.2167,22.74,21.46,22.74,22.74,15,1012,3.36,289,0,clear sky,,,2025-02-03 01:38:16,2025-02-03 12:31:34,0.0,0.0
2025-02-05 15:00:00.000000,Delhi,Forecast,28.6667,77.2167,19.09,17.68,19.09,19.09,24,1014,2.79,290,0,clear sky,,,2025-02-03 01:38:16,2025-02-03 12:31:34,0.0,0.0
2025-02-05 18:00:00.000000,Delhi,Forecast,28.6667,77.2167,16.99,15.32,16.99,16.99,22,1015,2.63,295,0,clear sky,,,2025-02-03 01:38:16,2025-02-03 12:31:34,0.0,0.0
2025-02-05 21:00:00.000000,Delhi,Forecast,28.6667,77.2167,15.08,13.24,15.08,15.08,23,1015,3.06,319,0,clear sky,,,2025-02-03 01:38:16,2025-02-03 12:31:34,0.0,0.0
2025-02-06 00:00:00.000000,Delhi,Forecast,28.6667,77.2167,13.93,11.9,13.93,13.93,20,1015,3.26,320,0,clear sky,,,2025-02-03 01:38:16,2025-02-03 12:31:34,0.0,0.0
2025-02-06 03:00:00.000000,Delhi,Forecast,28.6667,77.2167,14.89,12.96,14.89,14.89,20,1017,3.1,317,0,clear sky,,,2025-02-03 01:38:16,2025-02-03 12:31:34,0.0,0.0
2025-02-06 06:00:00.000000,Delhi,Forecast,28.6667,77.2167,22.69,21.41,22.69,22.69,15,1016,4.6,323,0,clear sky,,,2025-02-03 01:38:16,2025-02-03 12:31:34,0.0,0.0
2025-02-06 09:00:00.000000,Delhi,Forecast,28.6667,77.2167,25.67,24.58,25.67,25.67,11,1013,5.18,314,0,clear sky,,,2025-02-03 01:38:16,2025-02-03 12:31:34,0.0,0.0
2025-02-06 12:00:00.000000,Delhi,Forecast,28.6667,77.2167,23.67,22.46,23.67,23.67,14,1012,3.92,297,2,clear sky,,,2025-02-03 01:38:16,2025-02-03 12:31:34,0.0,0.0
2025-02-06 15:00:00.000000,Delhi,Forecast,28.6667,77.2167,19.7,18.2,19.7,19.7,18,1015,3.63,286,64,broken clouds,,,2025-02-03 01:38:16,2025-02-03 12:31:34,0.0,0.0
2025-02-06 18:00:00.000000,Delhi,Forecast,28.6667,77.2167,17.71,15.95,17.71,17.71,16,1015,4.05,308,76,broken clouds,,,2025-02-03 01:38:16,2025-02-03 12:31:34,0.0,0.0
2025-02-06 21:00:00.000000,Delhi,Forecast,28.6667,77.2167,15.94,14.09,15.94,15.94,19,1015,3.61,312,35,scattered clouds,,,2025-02-03 01:38:16,2025-02-03 12:31:34,0.0,0.0
2025-02-07 00:00:00.000000,Delhi,Forecast,28.6667,77.2167,14.7,12.77,14.7,14.7,21,1014,3.87,307,34,scattered clouds,,,2025-02-03 01:38:16,2025-02-03 12:31:34,0.0,0.0
2025-02-07 03:00:00.000000,Delhi,Forecast,28.6667,77.2167,15.1,13.32,15.1,15.1,25,1016,4.5,305,29,scattered clouds,,,2025-02-03 01:38:16,2025-02-03 12:31:34,0.0,0.0
2025-02-07 06:00:00.000000,Delhi,Forecast,28.6667,77.2167,21.49,20.14,21.49,21.49,17,1016,5.02,300,15,few clouds,,,2025-02-03 01:38:16,2025-02-03 12:31:34,0.0,0.0
2025-02-07 09:00:00.000000,Delhi,Forecast,28.6667,77.2167,24.82,23.67,24.82,24.82,12,1013,5.81,299,4,clear sky,,,2025-02-03 01:38:16,2025-02-03 12:31:34,0.0,0.0
2025-02-07 12:00:00.000000,Delhi,Forecast,28.6667,77.2167,23.07,21.82,23.07,23.07,15,1013,3.91,280,3,clear sky,,,2025-02-03 01:38:16,2025-02-03 12:31:34,0.0,0.0
2025-02-07 15:00:00.000000,Delhi,Forecast,28.6667,77.2167,19.13,17.7,19.13,19.13,23,1014,3.34,280,25,scattered clouds,,,2025-02-03 01:38:16,2025-02-03 12:31:34,0.0,0.0
2025-02-07 18:00:00.000000,Delhi,Forecast,28.6667,77.2167,17.02,15.3,17.02,17.02,20,1014,2.85,289,15,few clouds,,,2025-02-03 01:38:16,2025-02-03 12:31:34,0.0,0.0
2025-02-07 21:00:00.000000,Delhi,Forecast,28.6667,77.2167,15.4,13.47,15.4,15.4,18,1013,2.82,294,84,broken clouds,,,2025-02-03 01:38:16,2025-02-03 12:31:34,0.0,0.0
2025-02-08 00:00:00.000000,Delhi,Forecast,28.6667,77.2167,14.64,12.6,14.64,14.64,17,1013,2.76,301,84,broken clouds,,,2025-02-03 01:38:16,2025-02-03 12:31:34,0.0,0.0
2025-02-08 03:00:00.000000,Delhi,Forecast,28.6667,77.2167,15.41,13.42,15.41,15.41,16,1015,2.96,299,91,overcast clouds,,,2025-02-03 01:38:16,2025-02-03 12:31:34,0.0,0.0
2025-02-08 06:00:00.000000,Delhi,Forecast,28.6667,77.2167,22.33,20.98,22.33,22.33,14,1015,3.5,305,57,broken clouds,,,2025-02-03 01:38:16,2025-02-03 12:31:34,0.0,0.0
2025-02-08 09:00:00.000000,Delhi,Forecast,28.6667,77.2167,25.85,24.8,25.85,25.85,12,1012,4.11,297,15,few clouds,,,2025-02-03 01:38:16,2025-02-03 12:31:34,0.0,0.0
2025-02-03 11:00:41.754150,Chennai,Current,13.0878,80.2785,29.74,32.73,28.89,31.16,62,1010,4.63,130,20,few clouds,0.0,0.0,2025-02-03 01:04:56,2025-02-03 12:40:24,,
2025-02-03 12:00:00.000000,Chennai,Forecast,13.0878,80.2785,29.56,32.57,26.34,29.56,63,1011,3.08,81,20,few clouds,,,2025-02-03 01:04:56,2025-02-03 12:40:24,0.0,0.0
2025-02-03 15:00:00.000000,Chennai,Forecast,13.0878,80.2785,28.08,30.04,25.13,28.08,64,1012,3.09,99,45,scattered clouds,,,2025-02-03 01:04:56,2025-02-03 12:40:24,0.0,0.0
2025-02-03 18:00:00.000000,Chennai,Forecast,13.0878,80.2785,26.37,26.37,24.78,26.37,65,1012,2.01,125,67,broken clouds,,,2025-02-03 01:04:56,2025-02-03 12:40:24,0.0,0.0
2025-02-03 21:00:00.000000,Chennai,Forecast,13.0878,80.2785,24.16,24.38,24.16,24.16,67,1011,0.79,189,100,overcast clouds,,,2025-02-03 01:04:56,2025-02-03 12:40:24,0.0,0.0
2025-02-04 00:00:00.000000,Chennai,Forecast,13.0878,80.2785,22.72,22.95,22.72,22.72,73,1011,1.76,245,90,overcast clouds,,,2025-02-03 01:04:56,2025-02-03 12:40:24,0.0,0.0
2025-02-04 03:00:00.000000,Chennai,Forecast,13.0878,80.2785,24.35,24.59,24.35,24.35,67,1014,1.65,268,93,overcast clouds,,,2025-02-03 01:04:56,2025-02-03 12:40:24,0.0,0.0
2025-02-04 06:00:00.000000,Chennai,Forecast,13.0878,80.2785,27.62,28.28,27.62,27.62,53,1014,2.3,81,97,overcast clouds,,,2025-02-03 01:04:56,2025-02-03 12:40:24,0.0,0.0
2025-02-04 09:00:00.000000,Chennai,Forecast,13.0878,80.2785,27.95,28.67,27.95,27.95,53,1010,3.94,99,99,overcast clouds,,,2025-02-03 01:04:56,2025-02-03 12:40:24,0.0,0.0
2025-02-04 12:00:00.000000,Chennai,Forecast,13.0878,80.2785,26.54,26.54,26.54,26.54,61,1010,3.43,101,99,overcast clouds,,,2025-02-03 01:04:56,2025-02-03 12:40:24,0.0,0.0
2025-02-04 15:00:00.000000,Chennai,Forecast,13.0878,80.2785,25.55,25.91,25.55,25.55,67,1013,2.6,91,99,overcast clouds,,,2025-02-03 01:04:56,2025-02-03 12:40:24,0.0,0.0
2025-02-04 18:00:00.000000,Chennai,Forecast,13.0878,80.2785,25.02,25.41,25.02,25.02,70,1012,2.27,109,97,overcast clouds,,,2025-02-03 01:04:56,2025-02-03 12:40:24,0.0,0.0
2025-02-04 21:00:00.000000,Chennai,Forecast,13.0878,80.2785,24.21,24.59,24.21,24.21,73,1010,0.63,205,72,broken clouds,,,2025-02-03 01:04:56,2025-02-03 12:40:24,0.0,0.0
2025-02-05 00:00:00.000000,Chennai,Forecast,13.0878,80.2785,23.16,23.54,23.16,23.16,77,1010,1.19,256,86,overcast clouds,,,2025-02-03 01:04:56,2025-02-03 12:40:24,0.0,0.0
2025-02-05 03:00:00.000000,Chennai,Forecast,13.0878,80.2785,24.69,25.12,24.69,24.69,73,1013,1.61,203,100,overcast clouds,,,2025-02-03 01:04:56,2025-02-03 12:40:24,0.0,0.0
2025-02-05 06:00:00.000000,Chennai,Forecast,13.0878,80.2785,27.45,28.85,27.45,27.45,62,1012,3.47,141,100,overcast clouds,,,2025-02-03 01:04:56,2025-02-03 12:40:24,0.0,0.0
2025-02-05 09:00:00.000000,Chennai,Forecast,13.0878,80.2785,27.59,29.06,27.59,27.59,62,1009,4.21,129,96,overcast clouds,,,2025-02-03 01:04:56,2025-02-03 12:40:24,0.0,0.0
2025-02-05 12:00:00.000000,Chennai,Forecast,13.0878,80.2785,26.39,26.39,26.39,26.39,68,1009,3.26,122,83,broken clouds,,,2025-02-03 01:04:56,2025-02-03 12:40:24,0.0,0.0
2025-02-05 15:00:00.000000,Chennai,Forecast,13.0878,80.2785,25.2,25.73,25.2,25.2,75,1011,3.18,124,92,overcast clouds,,,2025-02-03 01:04:56,2025-02-03 12:40:24,0.0,0.0
2025-02-05 18:00:00.000000,Chennai,Forecast,13.0878,80.2785,24.73,25.27,24.73,24.73,77,1012,2.77,136,75,broken clouds,,,2025-02-03 01:04:56,2025-02-03 12:40:24,0.0,0.0
2025-02-05 21:00:00.000000,Chennai,Forecast,13.0878,80.2785,24.41,24.94,24.41,24.41,78,1010,2.33,163,76,broken clouds,,,2025-02-03 01:04:56,2025-02-03 12:40:24,0.0,0.0
2025-02-06 00:00:00.000000,Chennai,Forecast,13.0878,80.2785,23.37,23.9,23.37,23.37,82,1010,1.81,241,88,overcast clouds,,,2025-02-03 01:04:56,2025-02-03 12:40:24,0.0,0.0
2025-02-06 03:00:00.000000,Chennai,Forecast,13.0878,80.2785,24.43,24.97,24.43,24.43,78,1013,1.82,234,95,overcast clouds,,,2025-02-03 01:04:56,2025-02-03 12:40:24,0.0,0.0
2025-02-06 06:00:00.000000,Chennai,Forecast,13.0878,80.2785,27.53,28.97,27.53,27.53,62,1012,3.31,137,98,overcast clouds,,,2025-02-03 01:04:56,2025-02-03 12:40:24,0.0,0.0
2025-02-06 09:00:00.000000,Chennai,Forecast,13.0878,80.2785,27.37,28.65,27.37,27.37,61,1009,4.18,129,100,overcast clouds,,,2025-02-03 01:04:56,2025-02-03 12:40:24,0.0,0.0
2025-02-06 12:00:00.000000,Chennai,Forecast,13.0878,80.2785,26.14,26.14,26.14,26.14,69,1009,3.39,121,100,overcast clouds,,,2025-02-03 01:04:56,2025-02-03 12:40:24,0.0,0.0
2025-02-06 15:00:00.000000,Chennai,Forecast,13.0878,80.2785,25.56,26.05,25.56,25.56,72,1011,3.06,114,99,overcast clouds,,,2025-02-03 01:04:56,2025-02-03 12:40:24,0.0,0.0
2025-02-06 18:00:00.000000,Chennai,Forecast,13.0878,80.2785,25.11,25.56,25.11,25.11,72,1011,1.68,117,99,overcast clouds,,,2025-02-03 01:04:56,2025-02-03 12:40:24,0.0,0.0
2025-02-06 21:00:00.000000,Chennai,Forecast,13.0878,80.2785,24.36,24.81,24.36,24.36,75,1010,2.02,184,68,broken clouds,,,2025-02-03 01:04:56,2025-02-03 12:40:24,0.0,0.0
2025-02-07 00:00:00.000000,Chennai,Forecast,13.0878,80.2785,22.96,23.43,22.96,22.96,81,1010,2.55,244,45,scattered clouds,,,2025-02-03 01:04:56,2025-02-03 12:40:24,0.0,0.0
2025-02-07 03:00:00.000000,Chennai,Forecast,13.0878,80.2785,24.06,24.51,24.06,24.06,76,1013,2.29,240,26,scattered clouds,,,2025-02-03 01:04:56,2025-02-03 12:40:24,0.0,0.0
2025-02-07 06:00:00.000000,Chennai,Forecast,13.0878,80.2785,27.46,28.42,27.46,27.46,57,1013,3.17,129,24,few clouds,,,2025-02-03 01:04:56,2025-02-03 12:40:24,0.0,0.0
2025-02-07 09:00:00.000000,Chennai,Forecast,13.0878,80.2785,27.78,28.64,27.78,27.78,55,1010,4.08,117,19,few clouds,,,2025-02-03 01:04:56,2025-02-03 12:40:24,0.0,0.0
2025-02-07 12:00:00.000000,Chennai,Forecast,13.0878,80.2785,26.55,26.55,26.55,26.55,62,1010,3.89,127,16,few clouds,,,2025-02-03 01:04:56,2025-02-03 12:40:24,0.0,0.0
2025-02-07 15:00:00.000000,Chennai,Forecast,13.0878,80.2785,25.24,25.65,25.24,25.24,70,1012,3.12,128,16,few clouds,,,2025-02-03 01:04:56,2025-02-03 12:40:24,0.0,0.0
2025-02-07 18:00:00.000000,Chennai,Forecast,13.0878,80.2785,24.78,25.19,24.78,24.78,72,1012,2.26,143,22,few clouds,,,2025-02-03 01:04:56,2025-02-03 12:40:24,0.0,0.0
2025-02-07 21:00:00.000000,Chennai,Forecast,13.0878,80.2785,23.98,24.42,23.98,23.98,76,1010,1.97,190,29,scattered clouds,,,2025-02-03 01:04:56,2025-02-03 12:40:24,0.0,0.0
2025-02-08 00:00:00.000000,Chennai,Forecast,13.0878,80.2785,22.69,23.16,22.69,22.69,82,1010,2.67,226,19,few clouds,,,2025-02-03 01:04:56,2025-02-03 12:40:24,0.0,0.0
2025-02-08 03:00:00.000000,Chennai,Forecast,13.0878,80.2785,24.17,24.6,24.17,24.17,75,1013,2.38,224,42,scattered clouds,,,2025-02-03 01:04:56,2025-02-03 12:40:24,0.0,0.0
2025-02-08 06:00:00.000000,Chennai,Forecast,13.0878,80.2785,27.61,28.7,27.61,27.61,58,1013,2.92,122,50,scattered clouds,,,2025-02-03 01:04:56,2025-02-03 12:40:24,0.0,0.0
2025-02-08 09:00:00.000000,Chennai,Forecast,13.0878,80.2785,27.98,29.1,27.98,27.98,57,1010,4.47,111,8,clear sky,,,2025-02-03 01:04:56,2025-02-03 12:40:24,0.0,0.0
2025-02-03 11:00:41.828963,Kolkata,Current,22.5697,88.3697,28.97,28.49,28.97,28.97,39,1010,3.09,360,20,haze,0.0,0.0,2025-02-03 00:44:53,2025-02-03 11:55:43,,
2025-02-03 12:00:00.000000,Kolkata,Forecast,22.5697,88.3697,28.97,28.49,28.2,28.97,39,1010,2.21,334,20,few clouds,,,2025-02-03 00:44:53,2025-02-03 11:55:43,0.0,0.0
2025-02-03 15:00:00.000000,Kolkata,Forecast,22.5697,88.3697,27.65,27.09,25.0,27.65,35,1011,2.81,28,13,few clouds,,,2025-02-03 00:44:53,2025-02-03 11:55:43,0.0,0.0
2025-02-03 18:00:00.000000,Kolkata,Forecast,22.5697,88.3697,24.26,23.63,21.91,24.26,34,1012,3.48,20,7,clear sky,,,2025-02-03 00:44:53,2025-02-03 11:55:43,0.0,0.0
2025-02-03 21:00:00.000000,Kolkata,Forecast,22.5697,88.3697,20.09,18.99,20.09,20.09,32,1012,2.71,11,1,clear sky,,,2025-02-03 00:44:53,2025-02-03 11:55:43,0.0,0.0
2025-02-04 00:00:00.000000,Kolkata,Forecast,22.5697,88.3697,19.06,17.96,19.06,19.06,36,1012,1.76,335,1,clear sky,,,2025-02-03 00:44:53,2025-02-03 11:55:43,0.0,0.0
2025-02-04 03:00:00.000000,Kolkata,Forecast,22.5697,88.3697,23.51,22.67,23.51,23.51,29,1014,2.74,325,1,clear sky,,,2025-02-03 00:44:53,2025-02-03 11:55:43,0.0,0.0
2025-02-04 06:00:00.000000,Kolkata,Forecast,22.5697,88.3697,29.55,27.88,29.55,29.55,20,1013,4.28,316,0,clear sky,,,2025-02-03 00:44:53,2025-02-03 11:55:43,0.0,0.0
2025-02-04 09:00:00.000000,Kolkata,Forecast,22.5697,88.3697,31.7,29.58,31.7,31.7,17,1009,4.64,315,2,clear sky,,,2025-02-03 00:44:53,2025-02-03 11:55:43,0.0,0.0
2025-02-04 12:00:00.000000,Kolkata,Forecast,22.5697,88.3697,28.01,26.78,28.01,28.01,21,1009,2.41,330,40,scattered clouds,,,2025-02-03 00:44:53,2025-02-03 11:55:43,0.0,0.0
2025-02-04 15:00:00.000000,Kolkata,Forecast,22.5697,88.3697,25.21,24.44,25.21,25.21,25,1011,1.14,131,54,broken clouds,,,2025-02-03 00:44:53,2025-02-03 11:55:43,0.0,0.0
2025-02-04 18:00:00.000000,Kolkata,Forecast,22.5697,88.3697,22.34,21.62,22.34,22.34,38,1011,2.7,243,81,broken clouds,,,2025-02-03 00:44:53,2025-02-03 11:55:43,0.0,0.0
2025-02-04 21:00:00.000000,Kolkata,Forecast,22.5697,88.3697,21.16,20.48,21.16,21.16,44,1009,1.88,267,100,overcast clouds,,,2025-02-03 00:44:53,2025-02-03 11:55:43,0.0,0.0
2025-02-05 00:00:00.000000,Kolkata,Forecast,22.5697,88.3697,20.28,19.75,20.28,20.28,53,1010,1.8,249,71,broken clouds,,,2025-02-03 00:44:53,2025-02-03 11:55:43,0.0,0.0
2025-02-05 03:00:00.000000,Kolkata,Forecast,22.5697,88.3697,25.07,25.33,25.07,25.07,65,1011,2.69,229,6,clear sky,,,2025-02-03 00:44:53,2025-02-03 11:55:43,0.0,0.0
2025-02-05 06:00:00.000000,Kolkata,Forecast,22.5697,88.3697,32.17,31.84,32.17,32.17,36,1010,3.29,251,18,few clouds,,,2025-02-03 00:44:53,2025-02-03 11:55:43,0.0,0.0
2025-02-05 09:00:00.000000,Kolkata,Forecast,22.5697,88.3697,35.02,33.61,35.02,35.02,24,1006,3.06,288,4,clear sky,,,2025-02-03 00:44:53,2025-02-03 11:55:43,0.0,0.0
2025-02-05 12:00:00.000000,Kolkata,Forecast,22.5697,88.3697,29.95,29.41,29.95,29.95,38,1007,2.91,233,22,few clouds,,,2025-02-03 00:44:53,2025-02-03 11:55:43,0.0,0.0
2025-02-05 15:00:00.000000,Kolkata,Forecast,22.5697,88.3697,25.77,26.15,25.77,25.77,67,1009,4.28,187,100,overcast clouds,,,2025-02-03 00:44:53,2025-02-03 11:55:43,0.0,0.0
2025-02-05 18:00:00.000000,Kolkata,Forecast,22.5697,88.3697,24.69,25.2,24.69,24.69,76,1009,3.83,216,100,overcast clouds,,,2025-02-03 00:44:53,2025-02-03 11:55:43,0.0,0.0
2025-02-05 21:00:00.000000,Kolkata,Forecast,22.5697,88.3697,23.55,24.08,23.55,23.55,81,1008,2.28,219,96,overcast clouds,,,2025-02-03 00:44:53,2025-02-03 11:55:43,0.0,0.0
2025-02-06 00:00:00.000000,Kolkata,Forecast,22.5697,88.3697,22.96,23.5,22.96,22.96,84,1009,1.59,204,94,overcast clouds,,,2025-02-03 00:44:53,2025-02-03 11:55:43,0.0,0.0
2025-02-06 03:00:00.000000,Kolkata,Forecast,22.5697,88.3697,26.57,26.57,26.57,26.57,64,1011,0.84,242,92,overcast clouds,,,2025-02-03 00:44:53,2025-02-03 11:55:43,0.0,0.0
2025-02-06 06:00:00.000000,Kolkata,Forecast,22.5697,88.3697,32.09,32.59,32.09,32.09,41,1011,0.78,161,72,broken clouds,,,2025-02-03 00:44:53,2025-02-03 11:55:43,0.0,0.0
2025-02-06 09:00:00.000000,Kolkata,Forecast,22.5697,88.3697,34.72,34.08,34.72,34.72,29,1007,0.87,25,4,clear sky,,,2025-02-03 00:44:53,2025-02-03 11:55:43,0.0,0.0
2025-02-06 12:00:00.000000,Kolkata,Forecast,22.5697,88.3697,32.27,30.6,32.27,32.27,25,1007,3.6,335,3,clear sky,,,2025-02-03 00:44:53,2025-02-03 11:55:43,0.0,0.0
2025-02-06 15:00:00.000000,Kolkata,Forecast,22.5697,88.3697,26.99,27.72,26.99,26.99,55,1010,2.37,201,0,clear sky,,,2025-02-03 00:44:53,2025-02-03 11:55:43,0.0,0.0
2025-02-06 18:00:00.000000,Kolkata,Forecast,22.5697,88.3697,25.45,25.49,25.45,25.45,55,1010,2.9,298,1,clear sky,,,2025-02-03 00:44:53,2025-02-03 11:55:43,0.0,0.0
2025-02-06 21:00:00.000000,Kolkata,Forecast,22.5697,88.3697,23.66,23.05,23.66,23.66,37,1010,3.04,11,15,few clouds,,,2025-02-03 00:44:53,2025-02-03 11:55:43,0.0,0.0
2025-02-07 00:00:00.000000,Kolkata,Forecast,22.5697,88.3697,21.98,21.25,21.98,21.98,39,1011,3.77,357,58,broken clouds,,,2025-02-03 00:44:53,2025-02-03 11:55:43,0.0,0.0
2025-02-07 03:00:00.000000,Kolkata,Forecast,22.5697,88.3697,26.38,26.38,26.38,26.38,21,1014,5.13,345,52,broken clouds,,,2025-02-03 00:44:53,2025-02-03 11:55:43,0.0,0.0
2025-02-07 06:00:00.000000,Kolkata,Forecast,22.5697,88.3697,31.03,28.96,31.03,31.03,12,1013,4.87,335,28,scattered clouds,,,2025-02-03 00:44:53,2025-02-03 11:55:43,0.0,0.0
2025-02-07 09:00:00.000000,Kolkata,Forecast,22.5697,88.3697,33.21,30.78,33.21,33.21,10,1010,3.96,313,0,clear sky,,,2025-02-03 00:44:53,2025-02-03 11:55:43,0.0,0.0
2025-02-07 12:00:00.000000,Kolkata,Forecast,22.5697,88.3697,28.85,27.25,28.85,28.85,12,1010,3.17,344,0,clear sky,,,2025-02-03 00:44:53,2025-02-03 11:55:43,0.0,0.0
2025-02-07 15:00:00.000000,Kolkata,Forecast,22.5697,88.3697,25.48,24.37,25.48,25.48,11,1011,2.87,43,0,clear sky,,,2025-02-03 00:44:53,2025-02-03 11:55:43,0.0,0.0
2025-02-07 18:00:00.000000,Kolkata,Forecast,22.5697,88.3697,22.83,21.56,22.83,22.83,15,1012,2.68,350,0,clear sky,,,2025-02-03 00:44:53,2025-02-03 11:55:43,0.0,0.0
2025-02-07 21:00:00.000000,Kolkata,Forecast,22.5697,88.3697,20.53,19.08,20.53,20.53,17,1011,2.57,352,0,clear sky,,,2025-02-03 00:44:53,2025-02-03 11:55:43,0.0,0.0
2025-02-08 00:00:00.000000,Kolkata,Forecast,22.5697,88.3697,18.64,17.06,18.64,18.64,19,1012,2.8,6,0,clear sky,,,2025-02-03 00:44:53,2025-02-03 11:55:43,0.0,0.0
2025-02-08 03:00:00.000000,Kolkata,Forecast,22.5697,88.3697,23.87,22.76,23.87,23.87,17,1014,2.72,1,0,clear sky,,,2025-02-03 00:44:53,2025-02-03 11:55:43,0.0,0.0
2025-02-08 06:00:00.000000,Kolkata,Forecast,22.5697,88.3697,30.39,28.45,30.39,30.39,11,1013,3.18,342,1,clear sky,,,2025-02-03 00:44:53,2025-02-03 11:55:43,0.0,0.0
2025-02-08 09:00:00.000000,Kolkata,Forecast,22.5697,88.3697,32.25,29.97,32.25,32.25,10,1010,3.02,307,5,clear sky,,,2025-02-03 00:44:53,2025-02-03 11:55:43,0.0,0.0
2025-02-03 11:00:41.889899,Hyderabad,Current,17.3753,78.4744,32.23,30.75,32.23,33.73,27,1009,4.12,100,21,few clouds,0.0,0.0,2025-02-03 01:17:33,2025-02-03 12:42:13,,
2025-02-03 12:00:00.000000,Hyderabad,Forecast,17.3753,78.4744,32.23,30.75,30.91,32.23,27,1010,3.84,111,18,few clouds,,,2025-02-03 01:17:33,2025-02-03 12:42:13,0.0,0.0
2025-02-03 15:00:00.000000,Hyderabad,Forecast,17.3753,78.4744,30.15,28.82,25.99,30.15,29,1011,3.18,148,12,few clouds,,,2025-02-03 01:17:33,2025-02-03 12:42:13,0.0,0.0
2025-02-03 18:00:00.000000,Hyderabad,Forecast,17.3753,78.4744,27.45,26.75,25.06,27.45,31,1012,2.35,172,9,clear sky,,,2025-02-03 01:17:33,2025-02-03 12:42:13,0.0,0.0
2025-02-03 21:00:00.000000,Hyderabad,Forecast,17.3753,78.4744,23.01,22.33,23.01,23.01,37,1012,2.72,203,62,broken clouds,,,2025-02-03 01:17:33,2025-02-03 12:42:13,0.0,0.0
2025-02-04 00:00:00.000000,Hyderabad,Forecast,17.3753,78.4744,21.88,21.14,21.88,21.88,39,1012,1.8,201,58,broken clouds,,,2025-02-03 01:17:33,2025-02-03 12:42:13,0.0,0.0
2025-02-04 03:00:00.000000,Hyderabad,Forecast,17.3753,78.4744,25.18,24.59,25.18,25.18,32,1014,1.44,188,82,broken clouds,,,2025-02-03 01:17:33,2025-02-03 12:42:13,0.0,0.0
2025-02-04 06:00:00.000000,Hyderabad,Forecast,17.3753,78.4744,31.68,29.79,31.68,31.68,22,1013,2.95,131,76,broken clouds,,,2025-02-03 01:17:33,2025-02-03 12:42:13,0.0,0.0
2025-02-04 09:00:00.000000,Hyderabad,Forecast,17.3753,78.4744,33.49,31.36,33.49,33.49,19,1009,3.45,121,100,overcast clouds,,,2025-02-03 01:17:33,2025-02-03 12:42:13,0.0,0.0
2025-02-04 12:00:00.000000,Hyderabad,Forecast,17.3753,78.4744,31.42,29.61,31.42,31.42,23,1009,4.38,129,99,overcast clouds,,,2025-02-03 01:17:33,2025-02-03 12:42:13,0.0,0.0
2025-02-04 15:00:00.000000,Hyderabad,Forecast,17.3753,78.4744,26.64,26.64,26.64,26.64,30,1012,3.51,136,95,overcast clouds,,,2025-02-03 01:17:33,2025-02-03 12:42:13,0.0,0.0
2025-02-04 18:00:00.000000,Hyderabad,Forecast,17.3753,78.4744,25.03,24.48,25.03,25.03,34,1012,2.94,185,98,overcast clouds,,,2025-02-03 01:17:33,2025-02-03 12:42:13,0.0,0.0
2025-02-04 21:00:00.000000,Hyderabad,Forecast,17.3753,78.4744,23.72,23.22,23.72,23.72,41,1010,2.75,188,100,overcast clouds,,,2025-02-03 01:17:33,2025-02-03 12:42:13,0.0,0.0
2025-02-05 00:00:00.000000,Hyderabad,Forecast,17.3753,78.4744,23.01,22.49,23.01,23.01,43,1010,2.12,199,99,overcast clouds,,,2025-02-03 01:17:33,2025-02-03 12:42:13,0.0,0.0
2025-02-05 03:00:00.000000,Hyderabad,Forecast,17.3753,78.4744,25.67,25.28,25.67,25.67,38,1013,2.16,189,100,overcast clouds,,,2025-02-03 01:17:33,2025-02-03 12:42:13,0.0,0.0
2025-02-05 06:00:00.000000,Hyderabad,Forecast,17.3753,78.4744,31.24,29.57,31.24,31.24,25,1012,1.47,220,100,overcast clouds,,,2025-02-03 01:17:33,2025-02-03 12:42:13,0.0,0.0
2025-02-05 09:00:00.000000,Hyderabad,Forecast,17.3753,78.4744,33.2,31.22,33.2,33.2,21,1008,1.55,67,98,overcast clouds,,,2025-02-03 01:17:33,2025-02-03 12:42:13,0.0,0.0
2025-02-05 12:00:00.000000,Hyderabad,Forecast,17.3753,78.4744,31.49,29.81,31.49,31.49,25,1008,5.33,110,70,broken clouds,,,2025-02-03 01:17:33,2025-02-03 12:42:13,0.0,0.0
2025-02-05 15:00:00.000000,Hyderabad,Forecast,17.3753,78.4744,26.57,26.57,26.57,26.57,34,1011,3.46,129,27,scattered clouds,,,2025-02-03 01:17:33,2025-02-03 12:42:13,0.0,0.0
2025-02-05 18:00:00.000000,Hyderabad,Forecast,17.3753,78.4744,24.26,23.94,24.26,24.26,46,1012,2.59,176,33,scattered clouds,,,2025-02-03 01:17:33,2025-02-03 12:42:13,0.0,0.0
2025-02-05 21:00:00.000000,Hyderabad,Forecast,17.3753,78.4744,23.49,23.2,23.49,23.49,50,1010,2.81,175,32,scattered clouds,,,2025-02-03 01:17:33,2025-02-03 12:42:13,0.0,0.0
2025-02-06 00:00:00.000000,Hyderabad,Forecast,17.3753,78.4744,22.71,22.37,22.71,22.71,51,1010,1.8,165,39,scattered clouds,,,2025-02-03 01:17:33,2025-02-03 12:42:13,0.0,0.0
2025-02-06 03:00:00.000000,Hyderabad,Forecast,17.3753,78.4744,25.46,25.21,25.46,25.46,44,1013,2.23,137,41,scattered clouds,,,2025-02-03 01:17:33,2025-02-03 12:42:13,0.0,0.0
2025-02-06 06:00:00.000000,Hyderabad,Forecast,17.3753,78.4744,30.92,29.65,30.92,30.92,30,1012,2.69,104,30,scattered clouds,,,2025-02-03 01:17:33,2025-02-03 12:42:13,0.0,0.0
2025-02-06 09:00:00.000000,Hyderabad,Forecast,17.3753,78.4744,33.19,31.48,33.19,33.19,24,1008,3.64,99,10,clear sky,,,2025-02-03 01:17:33,2025-02-03 12:42:13,0.0,0.0
2025-02-06 12:00:00.000000,Hyderabad,Forecast,17.3753,78.4744,31.51,29.91,31.51,31.51,26,1008,4.33,108,6,clear sky,,,2025-02-03 01:17:33,2025-02-03 12:42:13,0.0,0.0
2025-02-06 15:00:00.000000,Hyderabad,Forecast,17.3753,78.4744,27.12,26.62,27.12,27.12,33,1011,3.69,133,1,clear sky,,,2025-02-03 01:17:33,2025-02-03 12:42:13,0.0,0.0
2025-02-06 18:00:00.000000,Hyderabad,Forecast,17.3753,78.4744,25.27,24.9,25.27,25.27,40,1011,2.9,144,1,clear sky,,,2025-02-03 01:17:33,2025-02-03 12:42:13,0.0,0.0
2025-02-06 21:00:00.000000,Hyderabad,Forecast,17.3753,78.4744,23.96,23.66,23.96,23.96,48,1010,2.05,196,7,clear sky,,,2025-02-03 01:17:33,2025-02-03 12:42:13,0.0,0.0
2025-02-07 00:00:00.000000,Hyderabad,Forecast,17.3753,78.4744,23.31,23.0,23.31,23.31,50,1011,1.49,255,19,few clouds,,,2025-02-03 01:17:33,2025-02-03 12:42:13,0.0,0.0
2025-02-07 03:00:00.000000,Hyderabad,Forecast,17.3753,78.4744,25.78,25.56,25.78,25.78,44,1014,2.58,64,7,clear sky,,,2025-02-03 01:17:33,2025-02-03 12:42:13,0.0,0.0
2025-02-07 06:00:00.000000,Hyderabad,Forecast,17.3753,78.4744,31.4,30.06,31.4,31.4,29,1013,2.9,83,4,clear sky,,,2025-02-03 01:17:33,2025-02-03 12:42:13,0.0,0.0
2025-02-07 09:00:00.000000,Hyderabad,Forecast,17.3753,78.4744,33.84,32.21,33.84,33.84,24,1009,3.54,95,4,clear sky,,,2025-02-03 01:17:33,2025-02-03 12:42:13,0.0,0.0
2025-02-07 12:00:00.000000,Hyderabad,Forecast,17.3753,78.4744,32.39,30.92,32.39,32.39,27,1009,4.05,106,3,clear sky,,,2025-02-03 01:17:33,2025-02-03 12:42:13,0.0,0.0
2025-02-07 15:00:00.000000,Hyderabad,Forecast,17.3753,78.4744,27.84,27.23,27.84,27.84,35,1012,3.49,132,3,clear sky,,,2025-02-03 01:17:33,2025-02-03 12:42:13,0.0,0.0
2025-02-07 18:00:00.000000,Hyderabad,Forecast,17.3753,78.4744,26.64,26.64,26.64,26.64,37,1011,2.08,152,2,clear sky,,,2025-02-03 01:17:33,2025-02-03 12:42:13,0.0,0.0
2025-02-07 21:00:00.000000,Hyderabad,Forecast,17.3753,78.4744,24.06,23.67,24.06,24.06,44,1010,0.84,155,4,clear sky,,,2025-02-03 01:17:33,2025-02-03 12:42:13,0.0,0.0
2025-02-08 00:00:00.000000,Hyderabad,Forecast,17.3753,78.4744,22.86,22.43,22.86,22.86,47,1011,1.57,35,3,clear sky,,,2025-02-03 01:17:33,2025-02-03 12:42:13,0.0,0.0
2025-02-08 03:00:00.000000,Hyderabad,Forecast,17.3753,78.4744,25.75,25.45,25.75,25.75,41,1013,1.0,87,8,clear sky,,,2025-02-03 01:17:33,2025-02-03 12:42:13,0.0,0.0
2025-02-08 06:00:00.000000,Hyderabad,Forecast,17.3753,78.4744,31.75,30.15,31.75,31.75,26,1013,3.5,90,7,clear sky,,,2025-02-03 01:17:33,2025-02-03 12:42:13,0.0,0.0
2025-02-08 09:00:00.000000,Hyderabad,Forecast,17.3753,78.4744,33.76,31.9,33.76,33.76,22,1009,3.8,89,2,clear sky,,,2025-02-03 01:17:33,2025-02-03 12:42:13,0.0,0.0
2025-02-03 11:00:41.956451,Ahmedabad,Current,23.0333,72.6167,28.02,26.94,28.02,28.02,26,1010,3.09,250,75,smoke,0.0,0.0,2025-02-03 01:48:31,2025-02-03 12:58:07,,
2025-02-03 12:00:00.000000,Ahmedabad,Forecast,23.0333,72.6167,28.02,26.94,27.83,28.02,26,1010,5.75,298,75,broken clouds,,,2025-02-03 01:48:31,2025-02-03 12:58:07,0.0,0.0
2025-02-03 15:00:00.000000,Ahmedabad,Forecast,23.0333,72.6167,26.17,26.17,22.48,26.17,28,1011,4.07,316,50,scattered clouds,,,2025-02-03 01:48:31,2025-02-03 12:58:07,0.0,0.0
2025-02-03 18:00:00.000000,Ahmedabad,Forecast,23.0333,72.6167,23.4,22.55,21.09,23.4,29,1012,2.67,328,39,scattered clouds,,,2025-02-03 01:48:31,2025-02-03 12:58:07,0.0,0.0
2025-02-03 21:00:00.000000,Ahmedabad,Forecast,23.0333,72.6167,20.37,19.25,20.37,20.37,30,1012,1.94,307,57,broken clouds,,,2025-02-03 01:48:31,2025-02-03 12:58:07,0.0,0.0
2025-02-04 00:00:00.000000,Ahmedabad,Forecast,23.0333,72.6167,20.33,19.2,20.33,20.33,30,1012,2.95,320,73,broken clouds,,,2025-02-03 01:48:31,2025-02-03 12:58:07,0.0,0.0
2025-02-04 03:00:00.000000,Ahmedabad,Forecast,23.0333,72.6167,19.53,18.4,19.53,19.53,33,1015,2.94,311,28,scattered clouds,,,2025-02-03 01:48:31,2025-02-03 12:58:07,0.0,0.0
2025-02-04 06:00:00.000000,Ahmedabad,Forecast,23.0333,72.6167,26.16,26.16,26.16,26.16,16,1016,5.06,309,46,scattered clouds,,,2025-02-03 01:48:31,2025-02-03 12:58:07,0.0,0.0
2025-02-04 09:00:00.000000,Ahmedabad,Forecast,23.0333,72.6167,28.81,27.22,28.81,28.81,13,1012,5.05,295,47,scattered clouds,,,2025-02-03 01:48:31,2025-02-03 12:58:07,0.0,0.0
2025-02-04 12:00:00.000000,Ahmedabad,Forecast,23.0333,72.6167,26.84,25.88,26.84,26.84,16,1011,6.03,279,51,broken clouds,,,2025-02-03 01:48:31,2025-02-03 12:58:07,0.0,0.0
2025-02-04 15:00:00.000000,Ahmedabad,Forecast,23.0333,72.6167,20.38,19.26,20.38,20.38,30,1014,4.27,305,14,few clouds,,,2025-02-03 01:48:31,2025-02-03 12:58:07,0.0,0.0
2025-02-04 18:00:00.000000,Ahmedabad,Forecast,23.0333,72.6167,18.53,17.22,18.53,18.53,30,1014,2.76,322,12,few clouds,,,2025-02-03 01:48:31,2025-02-03 12:58:07,0.0,0.0
2025-02-04 21:00:00.000000,Ahmedabad,Forecast,23.0333,72.6167,16.76,15.38,16.76,16.76,34,1013,3.33,326,4,clear sky,,,2025-02-03 01:48:31,2025-02-03 12:58:07,0.0,0.0
2025-02-05 00:00:00.000000,Ahmedabad,Forecast,23.0333,72.6167,14.92,13.3,14.92,14.92,32,1013,3.17,350,2,clear sky,,,2025-02-03 01:48:31,2025-02-03 12:58:07,0.0,0.0
2025-02-05 03:00:00.000000,Ahmedabad,Forecast,23.0333,72.6167,16.63,15.5,16.63,16.63,44,1015,2.97,355,0,clear sky,,,2025-02-03 01:48:31,2025-02-03 12:58:07,0.0,0.0
2025-02-05 06:00:00.000000,Ahmedabad,Forecast,23.0333,72.6167,25.33,24.41,25.33,25.33,19,1015,2.98,25,0,clear sky,,,2025-02-03 01:48:31,2025-02-03 12:58:07,0.0,0.0
2025-02-05 09:00:00.000000,Ahmedabad,Forecast,23.0333,72.6167,29.3,27.6,29.3,29.3,10,1011,2.08,11,0,clear sky,,,2025-02-03 01:48:31,2025-02-03 12:58:07,0.0,0.0
2025-02-05 12:00:00.000000,Ahmedabad,Forecast,23.0333,72.6167,29.18,27.51,29.18,29.18,10,1010,1.92,324,0,clear sky,,,2025-02-03 01:48:31,2025-02-03 12:58:07,0.0,0.0
2025-02-05 15:00:00.000000,Ahmedabad,Forecast,23.0333,72.6167,21.42,20.11,21.42,21.42,19,1013,1.75,301,0,clear sky,,,2025-02-03 01:48:31,2025-02-03 12:58:07,0.0,0.0
2025-02-05 18:00:00.000000,Ahmedabad,Forecast,23.0333,72.6167,19.41,17.88,19.41,19.41,18,1013,2.67,358,0,clear sky,,,2025-02-03 01:48:31,2025-02-03 12:58:07,0.0,0.0
2025-02-05 21:00:00.000000,Ahmedabad,Forecast,23.0333,72.6167,18.07,16.43,18.07,18.07,19,1012,3.38,22,0,clear sky,,,2025-02-03 01:48:31,2025-02-03 12:58:07,0.0,0.0
2025-02-06 00:00:00.000000,Ahmedabad,Forecast,23.0333,72.6167,17.42,15.71,17.42,17.42,19,1013,3.82,44,0,clear sky,,,2025-02-03 01:48:31,2025-02-03 12:58:07,0.0,0.0
2025-02-06 03:00:00.000000,Ahmedabad,Forecast,23.0333,72.6167,18.97,17.42,18.97,18.97,19,1015,4.33,62,27,scattered clouds,,,2025-02-03 01:48:31,2025-02-03 12:58:07,0.0,0.0
2025-02-06 06:00:00.000000,Ahmedabad,Forecast,23.0333,72.6167,26.95,25.86,26.95,26.95,12,1015,6.61,73,15,few clouds,,,2025-02-03 01:48:31,2025-02-03 12:58:07,0.0,0.0
2025-02-06 09:00:00.000000,Ahmedabad,Forecast,23.0333,72.6167,30.63,28.66,30.63,30.63,9,1011,5.22,63,1,clear sky,,,2025-02-03 01:48:31,2025-02-03 12:58:07,0.0,0.0
2025-02-06 12:00:00.000000,Ahmedabad,Forecast,23.0333,72.6167,30.07,28.22,30.07,30.07,9,1011,3.98,59,1,clear sky,,,2025-02-03 01:48:31,2025-02-03 12:58:07,0.0,0.0
2025-02-06 15:00:00.000000,Ahmedabad,Forecast,23.0333,72.6167,24.69,23.58,24.69,24.69,14,1013,3.12,64,0,clear sky,,,2025-02-03 01:48:31,2025-02-03 12:58:07,0.0,0.0
2025-02-06 18:00:00.000000,Ahmedabad,Forecast,23.0333,72.6167,21.52,20.2,21.52,21.52,18,1013,4.07,37,0,clear sky,,,2025-02-03 01:48:31,2025-02-03 12:58:07,0.0,0.0
2025-02-06 21:00:00.000000,Ahmedabad,Forecast,23.0333,72.6167,19.79,18.27,19.79,19.79,17,1013,4.72,54,0,clear sky,,,2025-02-03 01:48:31,2025-02-03 12:58:07,0.0,0.0
2025-02-07 00:00:00.000000,Ahmedabad,Forecast,23.0333,72.6167,18.85,17.26,18.85,18.85,18,1013,4.87,64,22,few clouds,,,2025-02-03 01:48:31,2025-02-03 12:58:07,0.0,0.0
2025-02-07 03:00:00.000000,Ahmedabad,Forecast,23.0333,72.6167,20.09,18.57,20.09,20.09,16,1015,6.22,70,13,few clouds,,,2025-02-03 01:48:31,2025-02-03 12:58:07,0.0,0.0
2025-02-07 06:00:00.000000,Ahmedabad,Forecast,23.0333,72.6167,27.75,26.43,27.75,27.75,11,1015,6.81,68,8,clear sky,,,2025-02-03 01:48:31,2025-02-03 12:58:07,0.0,0.0
2025-02-07 09:00:00.000000,Ahmedabad,Forecast,23.0333,72.6167,31.88,29.68,31.88,31.88,9,1012,4.81,65,23,few clouds,,,2025-02-03 01:48:31,2025-02-03 12:58:07,0.0,0.0
2025-02-07 12:00:00.000000,Ahmedabad,Forecast,23.0333,72.6167,31.31,29.2,31.31,31.31,10,1011,3.58,59,11,few clouds,,,2025-02-03 01:48:31,2025-02-03 12:58:07,0.0,0.0
2025-02-07 15:00:00.000000,Ahmedabad,Forecast,23.0333,72.6167,25.62,24.58,25.62,25.62,13,1012,3.22,48,4,clear sky,,,2025-02-03 01:48:31,2025-02-03 12:58:07,0.0,0.0
2025-02-07 18:00:00.000000,Ahmedabad,Forecast,23.0333,72.6167,23.7,22.47,23.7,23.7,13,1012,3.61,64,4,clear sky,,,2025-02-03 01:48:31,2025-02-03 12:58:07,0.0,0.0
2025-02-07 21:00:00.000000,Ahmedabad,Forecast,23.0333,72.6167,21.19,19.83,21.19,21.19,18,1011,3.97,59,33,scattered clouds,,,2025-02-03 01:48:31,2025-02-03 12:58:07,0.0,0.0
2025-02-08 00:00:00.000000,Ahmedabad,Forecast,23.0333,72.6167,19.73,18.2,19.73,19.73,17,1011,4.28,64,18,few clouds,,,2025-02-03 01:48:31,2025-02-03 12:58:07,0.0,0.0
2025-02-08 03:00:00.000000,Ahmedabad,Forecast,23.0333,72.6167,21.3,19.9,21.3,21.3,16,1013,5.08,66,50,scattered clouds,,,2025-02-03 01:48:31,2025-02-03 12:58:07,0.0,0.0
2025-02-08 06:00:00.000000,Ahmedabad,Forecast,23.0333,72.6167,29.52,27.76,29.52,29.52,12,1014,5.37,74,32,scattered clouds,,,2025-02-03 01:48:31,2025-02-03 12:58:07,0.0,0.0
2025-02-08 09:00:00.000000,Ahmedabad,Forecast,23.0333,72.6167,33.79,31.31,33.79,33.79,12,1010,3.3,67,8,clear sky,,,2025-02-03 01:48:31,2025-02-03 12:58:07,0.0,0.0
2025-02-03 11:00:42.010369,Pune,Current,18.5196,73.8553,33.59,31.32,33.59,33.59,17,1008,1.51,136,21,few clouds,0.0,0.0,2025-02-03 01:37:31,2025-02-03 12:59:13,,
2025-02-03 12:00:00.000000,Pune,Forecast,18.5196,73.8553,32.29,30.25,32.29,32.29,20,1009,0.42,260,29,scattered clouds,,,2025-02-03 01:37:31,2025-02-03 12:59:13,0.0,0.0
2025-02-03 15:00:00.000000,Pune,Forecast,18.5196,73.8553,29.73,28.38,24.61,29.73,28,1010,2.74,259,36,scattered clouds,,,2025-02-03 01:37:31,2025-02-03 12:59:13,0.0,0.0
2025-02-03 18:00:00.000000,Pune,Forecast,18.5196,73.8553,25.93,25.6,22.75,25.93,39,1012,2.36,266,30,scattered clouds,,,2025-02-03 01:37:31,2025-02-03 12:59:13,0.0,0.0
2025-02-03 21:00:00.000000,Pune,Forecast,18.5196,73.8553,21.83,21.3,21.83,21.83,47,1012,1.72,269,67,broken clouds,,,2025-02-03 01:37:31,2025-02-03 12:59:13,0.0,0.0
2025-02-04 00:00:00.000000,Pune,Forecast,18.5196,73.8553,20.41,19.76,20.41,20.41,48,1012,1.88,284,59,broken clouds,,,2025-02-03 01:37:31,2025-02-03 12:59:13,0.0,0.0
2025-02-04 03:00:00.000000,Pune,Forecast,18.5196,73.8553,22.11,21.5,22.11,22.11,43,1015,0.76,31,100,overcast clouds,,,2025-02-03 01:37:31,2025-02-03 12:59:13,0.0,0.0
2025-02-04 06:00:00.000000,Pune,Forecast,18.5196,73.8553,29.15,27.79,29.15,29.15,26,1014,1.91,118,81,broken clouds,,,2025-02-03 01:37:31,2025-02-03 12:59:13,0.0,0.0
2025-02-04 09:00:00.000000,Pune,Forecast,18.5196,73.8553,32.78,30.61,32.78,32.78,18,1010,0.69,356,53,broken clouds,,,2025-02-03 01:37:31,2025-02-03 12:59:13,0.0,0.0
2025-02-04 12:00:00.000000,Pune,Forecast,18.5196,73.8553,30.06,28.49,30.06,30.06,25,1010,6.54,297,46,scattered clouds,,,2025-02-03 01:37:31,2025-02-03 12:59:13,0.0,0.0
2025-02-04 15:00:00.000000,Pune,Forecast,18.5196,73.8553,24.55,24.13,24.55,24.55,41,1013,3.17,278,48,scattered clouds,,,2025-02-03 01:37:31,2025-02-03 12:59:13,0.0,0.0
2025-02-04 18:00:00.000000,Pune,Forecast,18.5196,73.8553,22.3,21.94,22.3,22.3,52,1013,2.94,283,38,scattered clouds,,,2025-02-03 01:37:31,2025-02-03 12:59:13,0.0,0.0
2025-02-04 21:00:00.000000,Pune,Forecast,18.5196,73.8553,19.97,19.54,19.97,19.97,58,1012,1.77,303,31,scattered clouds,,,2025-02-03 01:37:31,2025-02-03 12:59:13,0.0,0.0
2025-02-05 00:00:00.000000,Pune,Forecast,18.5196,73.8553,18.68,18.09,18.68,18.68,57,1011,0.42,25,23,few clouds,,,2025-02-03 01:37:31,2025-02-03 12:59:13,0.0,0.0
2025-02-05 03:00:00.000000,Pune,Forecast,18.5196,73.8553,21.56,20.92,21.56,21.56,44,1014,0.84,54,2,clear sky,,,2025-02-03 01:37:31,2025-02-03 12:59:13,0.0,0.0
2025-02-05 06:00:00.000000,Pune,Forecast,18.5196,73.8553,28.1,27.17,28.1,28.1,30,1013,3.37,90,5,clear sky,,,2025-02-03 01:37:31,2025-02-03 12:59:13,0.0,0.0
2025-02-05 09:00:00.000000,Pune,Forecast,18.5196,73.8553,31.58,29.59,31.58,31.58,20,1009,3.24,111,24,few clouds,,,2025-02-03 01:37:31,2025-02-03 12:59:13,0.0,0.0
2025-02-05 12:00:00.000000,Pune,Forecast,18.5196,73.8553,31.85,29.79,31.85,31.85,19,1008,0.76,80,26,scattered clouds,,,2025-02-03 01:37:31,2025-02-03 12:59:13,0.0,0.0
2025-02-05 15:00:00.000000,Pune,Forecast,18.5196,73.8553,24.49,23.83,24.49,24.49,32,1011,3.58,268,1,clear sky,,,2025-02-03 01:37:31,2025-02-03 12:59:13,0.0,0.0
2025-02-05 18:00:00.000000,Pune,Forecast,18.5196,73.8553,22.61,21.84,22.61,22.61,35,1012,1.25,313,1,clear sky,,,2025-02-03 01:37:31,2025-02-03 12:59:13,0.0,0.0
2025-02-05 21:00:00.000000,Pune,Forecast,18.5196,73.8553,21.21,20.35,21.21,21.21,37,1011,0.8,86,1,clear sky,,,2025-02-03 01:37:31,2025-02-03 12:59:13,0.0,0.0
2025-02-06 00:00:00.000000,Pune,Forecast,18.5196,73.8553,20.17,19.21,20.17,20.17,37,1011,1.76,51,2,clear sky,,,2025-02-03 01:37:31,2025-02-03 12:59:13,0.0,0.0
2025-02-06 03:00:00.000000,Pune,Forecast,18.5196,73.8553,22.33,21.48,22.33,22.33,33,1014,2.34,80,0,clear sky,,,2025-02-03 01:37:31,2025-02-03 12:59:13,0.0,0.0
2025-02-06 06:00:00.000000,Pune,Forecast,18.5196,73.8553,29.31,27.83,29.31,29.31,24,1012,3.77,105,1,clear sky,,,2025-02-03 01:37:31,2025-02-03 12:59:13,0.0,0.0
2025-02-06 09:00:00.000000,Pune,Forecast,18.5196,73.8553,32.73,30.61,32.73,32.73,19,1008,3.25,125,0,clear sky,,,2025-02-03 01:37:31,2025-02-03 12:59:13,0.0,0.0
2025-02-06 12:00:00.000000,Pune,Forecast,18.5196,73.8553,33.04,30.85,33.04,33.04,18,1007,2.11,76,0,clear sky,,,2025-02-03 01:37:31,2025-02-03 12:59:13,0.0,0.0
2025-02-06 15:00:00.000000,Pune,Forecast,18.5196,73.8553,25.53,24.95,25.53,25.53,31,1011,2.76,243,0,clear sky,,,2025-02-03 01:37:31,2025-02-03 12:59:13,0.0,0.0
2025-02-06 18:00:00.000000,Pune,Forecast,18.5196,73.8553,24.08,23.41,24.08,24.08,33,1012,2.08,303,0,clear sky,,,2025-02-03 01:37:31,2025-02-03 12:59:13,0.0,0.0
2025-02-06 21:00:00.000000,Pune,Forecast,18.5196,73.8553,22.34,21.54,22.34,22.34,35,1011,0.72,360,0,clear sky,,,2025-02-03 01:37:31,2025-02-03 12:59:13,0.0,0.0
2025-02-07 00:00:00.000000,Pune,Forecast,18.5196,73.8553,20.83,19.93,20.83,20.83,37,1011,1.3,48,0,clear sky,,,2025-02-03 01:37:31,2025-02-03 12:59:13,0.0,0.0
2025-02-07 03:00:00.000000,Pune,Forecast,18.5196,73.8553,23.0,22.24,23.0,23.0,34,1014,1.76,70,0,clear sky,,,2025-02-03 01:37:31,2025-02-03 12:59:13,0.0,0.0
2025-02-07 06:00:00.000000,Pune,Forecast,18.5196,73.8553,30.23,28.64,30.23,30.23,25,1014,3.34,82,0,clear sky,,,2025-02-03 01:37:31,2025-02-03 12:59:13,0.0,0.0
2025-02-07 09:00:00.000000,Pune,Forecast,18.5196,73.8553,33.2,31.14,33.2,33.2,20,1010,2.54,115,0,clear sky,,,2025-02-03 01:37:31,2025-02-03 12:59:13,0.0,0.0
2025-02-07 12:00:00.000000,Pune,Forecast,18.5196,73.8553,33.49,31.29,33.49,33.49,18,1008,2.49,91,0,clear sky,,,2025-02-03 01:37:31,2025-02-03 12:59:13,0.0,0.0
2025-02-07 15:00:00.000000,Pune,Forecast,18.5196,73.8553,26.32,26.32,26.32,26.32,34,1012,2.5,247,0,clear sky,,,2025-02-03 01:37:31,2025-02-03 12:59:13,0.0,0.0
2025-02-07 18:00:00.000000,Pune,Forecast,18.5196,73.8553,24.17,23.69,24.17,24.17,40,1012,1.83,283,0,clear sky,,,2025-02-03 01:37:31,2025-02-03 12:59:13,0.0,0.0
2025-02-07 21:00:00.000000,Pune,Forecast,18.5196,73.8553,23.09,22.5,23.09,23.09,40,1011,1.45,308,1,clear sky,,,2025-02-03 01:37:31,2025-02-03 12:59:13,0.0,0.0
2025-02-08 00:00:00.000000,Pune,Forecast,18.5196,73.8553,21.91,21.23,21.91,21.91,41,1011,0.43,75,3,clear sky,,,2025-02-03 01:37:31,2025-02-03 12:59:13,0.0,0.0
2025-02-08 03:00:00.000000,Pune,Forecast,18.5196,73.8553,24.67,24.08,24.67,24.67,34,1013,1.04,40,0,clear sky,,,2025-02-03 01:37:31,2025-02-03 12:59:13,0.0,0.0
2025-02-08 06:00:00.000000,Pune,Forecast,18.5196,73.8553,31.06,29.33,31.06,31.06,24,1013,2.21,118,1,clear sky,,,2025-02-03 01:37:31,2025-02-03 12:59:13,0.0,0.0
2025-02-08 09:00:00.000000,Pune,Forecast,18.5196,73.8553,34.18,32.15,34.18,34.18,20,1009,1.36,67,5,clear sky,,,2025-02-03 01:37:31,2025-02-03 12:59:13,0.0,0.0
