Timestamp,Day,City,Weather Type,Latitude,Longitude,Temperature (°C),Feels Like (°C),Min Temp (°C),Max Temp (°C),Humidity (%),Pressure (hPa),Wind Speed (m/s),Wind Direction (°),Cloudiness (%),Weather Condition,Rain (3h) (mm),AQI,PM2.5 (µg/m³),PM10 (µg/m³),Sunrise,Sunset
2025-05-16 21:00:00,Today,Bengaluru,Forecast,12.9762,77.6033,21.74,22.16,18.07,21.74,84,1010,1.74,174,100,heavy intensity rain,22.97,2,15.77,19.65,2025-05-17 05:53:56,2025-05-17 18:38:15
2025-05-17 00:00:00,Day 1,Bengaluru,Forecast,12.9762,77.6033,21.28,21.63,20.13,21.28,83,1009,2.26,222,100,moderate rain,4.61,2,15.77,19.65,2025-05-17 05:53:56,2025-05-17 18:38:15
2025-05-17 03:00:00,Day 1,Bengaluru,Forecast,12.9762,77.6033,21.31,21.51,21.31,21.31,77,1011,0.84,335,100,light rain,1.92,2,15.77,19.65,2025-05-17 05:53:56,2025-05-17 18:38:15
2025-05-17 06:00:00,Day 1,Bengaluru,Forecast,12.9762,77.6033,25.62,25.75,25.62,25.62,58,1009,4.03,279,99,light rain,0.1,2,15.77,19.65,2025-05-17 05:53:56,2025-05-17 18:38:15
2025-05-17 09:00:00,Day 1,Bengaluru,Forecast,12.9762,77.6033,29.65,30.0,29.65,29.65,46,1006,1.69,230,89,light rain,0.13,2,15.77,19.65,2025-05-17 05:53:56,2025-05-17 18:38:15
2025-05-17 12:00:00,Day 1,Bengaluru,Forecast,12.9762,77.6033,23.39,23.53,23.39,23.39,67,1006,4.42,255,94,light rain,0.59,2,15.77,19.65,2025-05-17 05:53:56,2025-05-17 18:38:15
2025-05-17 15:00:00,Day 1,Bengaluru,Forecast,12.9762,77.6033,22.24,22.74,22.24,22.24,85,1010,4.76,181,100,moderate rain,4.41,2,15.77,19.65,2025-05-17 05:53:56,2025-05-17 18:38:15
2025-05-17 18:00:00,Day 1,Bengaluru,Forecast,12.9762,77.6033,21.66,22.21,21.66,21.66,89,1010,5.77,223,100,light rain,2.73,2,15.77,19.65,2025-05-17 05:53:56,2025-05-17 18:38:15
2025-05-17 21:00:00,Day 1,Bengaluru,Forecast,12.9762,77.6033,21.23,21.71,21.23,21.23,88,1008,4.71,253,100,overcast clouds,0.0,2,15.77,19.65,2025-05-17 05:53:56,2025-05-17 18:38:15
2025-05-18 00:00:00,Day 2,Bengaluru,Forecast,12.9762,77.6033,21.12,21.51,21.12,21.12,85,1008,4.05,282,99,overcast clouds,0.0,2,15.77,19.65,2025-05-17 05:53:56,2025-05-17 18:38:15
2025-05-18 03:00:00,Day 2,Bengaluru,Forecast,12.9762,77.6033,23.65,23.92,23.65,23.65,71,1010,4.88,296,90,light rain,0.14,2,15.77,19.65,2025-05-17 05:53:56,2025-05-17 18:38:15
2025-05-18 06:00:00,Day 2,Bengaluru,Forecast,12.9762,77.6033,27.7,28.64,27.7,27.7,56,1008,5.53,311,93,overcast clouds,0.0,2,15.77,19.65,2025-05-17 05:53:56,2025-05-17 18:38:15
2025-05-18 09:00:00,Day 2,Bengaluru,Forecast,12.9762,77.6033,28.86,29.6,28.86,28.86,51,1005,4.31,331,83,light rain,1.59,2,15.77,19.65,2025-05-17 05:53:56,2025-05-17 18:38:15
2025-05-18 12:00:00,Day 2,Bengaluru,Forecast,12.9762,77.6033,25.31,25.67,25.31,25.31,68,1005,3.56,5,91,light rain,0.48,2,15.77,19.65,2025-05-17 05:53:56,2025-05-17 18:38:15
2025-05-18 15:00:00,Day 2,Bengaluru,Forecast,12.9762,77.6033,25.37,25.66,25.37,25.37,65,1007,2.1,324,100,light rain,0.41,2,15.77,19.65,2025-05-17 05:53:56,2025-05-17 18:38:15
2025-05-18 18:00:00,Day 2,Bengaluru,Forecast,12.9762,77.6033,22.69,23.18,22.69,22.69,83,1009,3.76,256,100,light rain,2.44,2,15.77,19.65,2025-05-17 05:53:56,2025-05-17 18:38:15
2025-05-18 21:00:00,Day 2,Bengaluru,Forecast,12.9762,77.6033,21.09,21.6,21.09,21.09,90,1007,4.49,249,100,moderate rain,4.49,2,15.77,19.65,2025-05-17 05:53:56,2025-05-17 18:38:15
2025-05-19 00:00:00,Day 3,Bengaluru,Forecast,12.9762,77.6033,21.49,21.97,21.49,21.49,87,1008,4.42,272,100,moderate rain,3.69,2,15.77,19.65,2025-05-17 05:53:56,2025-05-17 18:38:15
2025-05-19 03:00:00,Day 3,Bengaluru,Forecast,12.9762,77.6033,23.41,23.71,23.41,23.41,73,1009,3.78,276,100,overcast clouds,0.0,2,15.77,19.65,2025-05-17 05:53:56,2025-05-17 18:38:15
2025-05-19 06:00:00,Day 3,Bengaluru,Forecast,12.9762,77.6033,27.82,28.89,27.82,27.82,57,1007,3.66,303,91,light rain,0.33,2,15.77,19.65,2025-05-17 05:53:56,2025-05-17 18:38:15
2025-05-19 09:00:00,Day 3,Bengaluru,Forecast,12.9762,77.6033,27.48,28.62,27.48,27.48,59,1005,2.52,297,93,moderate rain,3.83,2,15.77,19.65,2025-05-17 05:53:56,2025-05-17 18:38:15
2025-05-19 12:00:00,Day 3,Bengaluru,Forecast,12.9762,77.6033,25.1,25.55,25.1,25.1,72,1005,1.74,279,96,moderate rain,6.05,2,15.77,19.65,2025-05-17 05:53:56,2025-05-17 18:38:15
2025-05-19 15:00:00,Day 3,Bengaluru,Forecast,12.9762,77.6033,23.25,23.8,23.25,23.25,83,1007,2.28,226,99,moderate rain,4.88,2,15.77,19.65,2025-05-17 05:53:56,2025-05-17 18:38:15
2025-05-19 18:00:00,Day 3,Bengaluru,Forecast,12.9762,77.6033,22.2,22.8,22.2,22.2,89,1008,5.45,233,100,light rain,2.76,2,15.77,19.65,2025-05-17 05:53:56,2025-05-17 18:38:15
2025-05-19 21:00:00,Day 3,Bengaluru,Forecast,12.9762,77.6033,21.66,22.21,21.66,21.66,89,1006,5.14,253,100,overcast clouds,0.0,2,15.77,19.65,2025-05-17 05:53:56,2025-05-17 18:38:15
2025-05-20 00:00:00,Day 4,Bengaluru,Forecast,12.9762,77.6033,21.92,22.44,21.92,21.92,87,1007,4.32,289,99,light rain,0.31,2,15.77,19.65,2025-05-17 05:53:56,2025-05-17 18:38:15
2025-05-20 03:00:00,Day 4,Bengaluru,Forecast,12.9762,77.6033,23.9,24.33,23.9,23.9,76,1008,4.95,299,97,overcast clouds,0.0,2,15.77,19.65,2025-05-17 05:53:56,2025-05-17 18:38:15
2025-05-20 06:00:00,Day 4,Bengaluru,Forecast,12.9762,77.6033,27.06,28.38,27.06,27.06,63,1007,4.78,290,98,overcast clouds,0.0,2,15.77,19.65,2025-05-17 05:53:56,2025-05-17 18:38:15
2025-05-20 09:00:00,Day 4,Bengaluru,Forecast,12.9762,77.6033,27.95,29.16,27.95,27.95,58,1005,4.51,285,94,light rain,2.74,2,15.77,19.65,2025-05-17 05:53:56,2025-05-17 18:38:15
2025-05-20 12:00:00,Day 4,Bengaluru,Forecast,12.9762,77.6033,26.35,26.35,26.35,26.35,65,1005,4.15,324,87,moderate rain,4.18,2,15.77,19.65,2025-05-17 05:53:56,2025-05-17 18:38:15
2025-05-20 15:00:00,Day 4,Bengaluru,Forecast,12.9762,77.6033,24.5,24.89,24.5,24.5,72,1007,3.35,275,49,light rain,1.89,2,15.77,19.65,2025-05-17 05:53:56,2025-05-17 18:38:15
2025-05-20 18:00:00,Day 4,Bengaluru,Forecast,12.9762,77.6033,23.33,23.76,23.33,23.33,78,1007,4.42,245,75,light rain,2.38,2,15.77,19.65,2025-05-17 05:53:56,2025-05-17 18:38:15
2025-05-20 21:00:00,Day 4,Bengaluru,Forecast,12.9762,77.6033,22.18,22.67,22.18,22.18,85,1006,3.87,256,85,overcast clouds,0.0,2,15.77,19.65,2025-05-17 05:53:56,2025-05-17 18:38:15
2025-05-21 00:00:00,Day 5,Bengaluru,Forecast,12.9762,77.6033,21.66,22.21,21.66,21.66,89,1007,3.51,274,91,overcast clouds,0.0,2,15.77,19.65,2025-05-17 05:53:56,2025-05-17 18:38:15
2025-05-21 03:00:00,Day 5,Bengaluru,Forecast,12.9762,77.6033,24.2,24.63,24.2,24.2,75,1009,5.15,299,100,light rain,0.15,2,15.77,19.65,2025-05-17 05:53:56,2025-05-17 18:38:15
2025-05-21 06:00:00,Day 5,Bengaluru,Forecast,12.9762,77.6033,26.81,28.18,26.81,26.81,65,1008,4.52,293,99,overcast clouds,0.0,2,15.77,19.65,2025-05-17 05:53:56,2025-05-17 18:38:15
2025-05-21 09:00:00,Day 5,Bengaluru,Forecast,12.9762,77.6033,27.74,28.97,27.74,27.74,59,1006,4.49,305,100,light rain,1.38,2,15.77,19.65,2025-05-17 05:53:56,2025-05-17 18:38:15
2025-05-21 12:00:00,Day 5,Bengaluru,Forecast,12.9762,77.6033,26.77,27.99,26.77,26.77,63,1005,3.88,316,100,light rain,0.58,2,15.77,19.65,2025-05-17 05:53:56,2025-05-17 18:38:15
2025-05-21 15:00:00,Day 5,Bengaluru,Forecast,12.9762,77.6033,25.05,25.49,25.05,25.05,72,1007,2.86,248,77,light rain,0.12,2,15.77,19.65,2025-05-17 05:53:56,2025-05-17 18:38:15
2025-05-21 18:00:00,Day 5,Bengaluru,Forecast,12.9762,77.6033,22.84,23.29,22.84,22.84,81,1009,3.57,254,85,light rain,2.55,2,15.77,19.65,2025-05-17 05:53:56,2025-05-17 18:38:15
2025-05-16 21:00:00,Today,Mumbai,Forecast,19.0144,72.8479,29.26,34.13,28.99,29.26,74,1007,3.13,223,88,overcast clouds,0.0,2,9.31,26.15,2025-05-17 06:03:36,2025-05-17 19:06:37
2025-05-17 00:00:00,Day 1,Mumbai,Forecast,19.0144,72.8479,29.01,33.72,28.81,29.01,75,1007,3.4,240,66,broken clouds,0.0,2,9.31,26.15,2025-05-17 06:03:36,2025-05-17 19:06:37
2025-05-17 03:00:00,Day 1,Mumbai,Forecast,19.0144,72.8479,29.06,33.84,29.06,29.06,75,1009,3.21,235,86,overcast clouds,0.0,2,9.31,26.15,2025-05-17 06:03:36,2025-05-17 19:06:37
2025-05-17 06:00:00,Day 1,Mumbai,Forecast,19.0144,72.8479,29.29,34.21,29.29,29.29,74,1008,4.28,244,65,broken clouds,0.0,2,9.31,26.15,2025-05-17 06:03:36,2025-05-17 19:06:37
2025-05-17 09:00:00,Day 1,Mumbai,Forecast,19.0144,72.8479,30.02,34.85,30.02,30.02,69,1006,4.8,258,55,broken clouds,0.0,2,9.31,26.15,2025-05-17 06:03:36,2025-05-17 19:06:37
2025-05-17 12:00:00,Day 1,Mumbai,Forecast,19.0144,72.8479,29.92,35.08,29.92,29.92,71,1005,5.82,268,52,broken clouds,0.0,2,9.31,26.15,2025-05-17 06:03:36,2025-05-17 19:06:37
2025-05-17 15:00:00,Day 1,Mumbai,Forecast,19.0144,72.8479,29.74,34.41,29.74,29.74,70,1007,3.91,270,90,overcast clouds,0.0,2,9.31,26.15,2025-05-17 06:03:36,2025-05-17 19:06:37
2025-05-17 18:00:00,Day 1,Mumbai,Forecast,19.0144,72.8479,29.39,33.81,29.39,29.39,71,1008,2.49,244,95,overcast clouds,0.0,2,9.31,26.15,2025-05-17 06:03:36,2025-05-17 19:06:37
2025-05-17 21:00:00,Day 1,Mumbai,Forecast,19.0144,72.8479,28.9,33.06,28.9,28.9,73,1006,2.99,234,100,overcast clouds,0.0,2,9.31,26.15,2025-05-17 06:03:36,2025-05-17 19:06:37
2025-05-18 00:00:00,Day 2,Mumbai,Forecast,19.0144,72.8479,28.76,32.92,28.76,28.76,74,1006,3.12,245,100,overcast clouds,0.0,2,9.31,26.15,2025-05-17 06:03:36,2025-05-17 19:06:37
2025-05-18 03:00:00,Day 2,Mumbai,Forecast,19.0144,72.8479,29.03,33.37,29.03,29.03,73,1008,3.54,213,100,overcast clouds,0.0,2,9.31,26.15,2025-05-17 06:03:36,2025-05-17 19:06:37
2025-05-18 06:00:00,Day 2,Mumbai,Forecast,19.0144,72.8479,29.58,34.26,29.58,29.58,71,1008,3.28,224,100,overcast clouds,0.0,2,9.31,26.15,2025-05-17 06:03:36,2025-05-17 19:06:37
2025-05-18 09:00:00,Day 2,Mumbai,Forecast,19.0144,72.8479,29.52,34.33,29.52,29.52,72,1005,5.38,260,91,overcast clouds,0.0,2,9.31,26.15,2025-05-17 06:03:36,2025-05-17 19:06:37
2025-05-18 12:00:00,Day 2,Mumbai,Forecast,19.0144,72.8479,29.85,34.91,29.85,29.85,71,1005,5.89,263,93,overcast clouds,0.0,2,9.31,26.15,2025-05-17 06:03:36,2025-05-17 19:06:37
2025-05-18 15:00:00,Day 2,Mumbai,Forecast,19.0144,72.8479,29.72,34.37,29.72,29.72,70,1006,3.71,267,36,scattered clouds,0.0,2,9.31,26.15,2025-05-17 06:03:36,2025-05-17 19:06:37
2025-05-18 18:00:00,Day 2,Mumbai,Forecast,19.0144,72.8479,29.42,33.88,29.42,29.42,71,1007,3.15,252,67,broken clouds,0.0,2,9.31,26.15,2025-05-17 06:03:36,2025-05-17 19:06:37
2025-05-18 21:00:00,Day 2,Mumbai,Forecast,19.0144,72.8479,29.07,33.27,29.07,29.07,72,1005,2.42,276,100,overcast clouds,0.0,2,9.31,26.15,2025-05-17 06:03:36,2025-05-17 19:06:37
2025-05-19 00:00:00,Day 3,Mumbai,Forecast,19.0144,72.8479,28.9,32.88,28.9,28.9,72,1006,1.51,277,100,overcast clouds,0.0,2,9.31,26.15,2025-05-17 06:03:36,2025-05-17 19:06:37
2025-05-19 03:00:00,Day 3,Mumbai,Forecast,19.0144,72.8479,29.19,33.55,29.19,29.19,72,1007,2.13,265,77,broken clouds,0.0,2,9.31,26.15,2025-05-17 06:03:36,2025-05-17 19:06:37
2025-05-19 06:00:00,Day 3,Mumbai,Forecast,19.0144,72.8479,29.45,34.16,29.45,29.45,72,1006,4.23,265,56,broken clouds,0.0,2,9.31,26.15,2025-05-17 06:03:36,2025-05-17 19:06:37
2025-05-19 09:00:00,Day 3,Mumbai,Forecast,19.0144,72.8479,29.94,35.13,29.94,29.94,71,1005,4.89,271,23,few clouds,0.0,2,9.31,26.15,2025-05-17 06:03:36,2025-05-17 19:06:37
2025-05-19 12:00:00,Day 3,Mumbai,Forecast,19.0144,72.8479,29.97,35.21,29.97,29.97,71,1004,5.58,273,26,light rain,0.14,2,9.31,26.15,2025-05-17 06:03:36,2025-05-17 19:06:37
2025-05-19 15:00:00,Day 3,Mumbai,Forecast,19.0144,72.8479,29.73,34.85,29.73,29.73,72,1006,4.65,271,62,light rain,0.14,2,9.31,26.15,2025-05-17 06:03:36,2025-05-17 19:06:37
2025-05-19 18:00:00,Day 3,Mumbai,Forecast,19.0144,72.8479,29.32,34.28,29.32,29.32,74,1006,5.27,280,65,broken clouds,0.0,2,9.31,26.15,2025-05-17 06:03:36,2025-05-17 19:06:37
2025-05-19 21:00:00,Day 3,Mumbai,Forecast,19.0144,72.8479,29.15,33.86,29.15,29.15,74,1005,4.46,270,99,light rain,0.11,2,9.31,26.15,2025-05-17 06:03:36,2025-05-17 19:06:37
2025-05-20 00:00:00,Day 4,Mumbai,Forecast,19.0144,72.8479,29.15,33.45,29.15,29.15,72,1006,3.65,257,100,overcast clouds,0.0,2,9.31,26.15,2025-05-17 06:03:36,2025-05-17 19:06:37
2025-05-20 03:00:00,Day 4,Mumbai,Forecast,19.0144,72.8479,29.27,33.53,29.27,29.27,71,1007,2.73,249,100,overcast clouds,0.0,2,9.31,26.15,2025-05-17 06:03:36,2025-05-17 19:06:37
2025-05-20 06:00:00,Day 4,Mumbai,Forecast,19.0144,72.8479,29.8,34.56,29.8,29.8,70,1007,4.38,296,100,overcast clouds,0.0,2,9.31,26.15,2025-05-17 06:03:36,2025-05-17 19:06:37
2025-05-20 09:00:00,Day 4,Mumbai,Forecast,19.0144,72.8479,30.35,35.39,30.35,30.35,68,1005,5.14,287,99,overcast clouds,0.0,2,9.31,26.15,2025-05-17 06:03:36,2025-05-17 19:06:37
2025-05-20 12:00:00,Day 4,Mumbai,Forecast,19.0144,72.8479,30.14,35.63,30.14,30.14,71,1005,6.02,279,100,overcast clouds,0.0,2,9.31,26.15,2025-05-17 06:03:36,2025-05-17 19:06:37
2025-05-20 15:00:00,Day 4,Mumbai,Forecast,19.0144,72.8479,29.84,35.12,29.84,29.84,72,1005,4.94,282,95,overcast clouds,0.0,2,9.31,26.15,2025-05-17 06:03:36,2025-05-17 19:06:37
2025-05-20 18:00:00,Day 4,Mumbai,Forecast,19.0144,72.8479,29.67,34.47,29.67,29.67,71,1007,3.53,264,88,overcast clouds,0.0,2,9.31,26.15,2025-05-17 06:03:36,2025-05-17 19:06:37
2025-05-20 21:00:00,Day 4,Mumbai,Forecast,19.0144,72.8479,29.4,33.83,29.4,29.4,71,1005,3.57,275,85,overcast clouds,0.0,2,9.31,26.15,2025-05-17 06:03:36,2025-05-17 19:06:37
2025-05-21 00:00:00,Day 5,Mumbai,Forecast,19.0144,72.8479,29.35,33.71,29.35,29.35,71,1006,3.22,283,93,overcast clouds,0.0,2,9.31,26.15,2025-05-17 06:03:36,2025-05-17 19:06:37
2025-05-21 03:00:00,Day 5,Mumbai,Forecast,19.0144,72.8479,29.71,34.12,29.71,29.71,69,1008,3.36,280,99,overcast clouds,0.0,2,9.31,26.15,2025-05-17 06:03:36,2025-05-17 19:06:37
2025-05-21 06:00:00,Day 5,Mumbai,Forecast,19.0144,72.8479,30.1,34.8,30.1,30.1,68,1008,3.79,268,99,overcast clouds,0.0,2,9.31,26.15,2025-05-17 06:03:36,2025-05-17 19:06:37
2025-05-21 09:00:00,Day 5,Mumbai,Forecast,19.0144,72.8479,30.29,35.25,30.29,30.29,68,1006,4.91,269,100,overcast clouds,0.0,2,9.31,26.15,2025-05-17 06:03:36,2025-05-17 19:06:37
2025-05-21 12:00:00,Day 5,Mumbai,Forecast,19.0144,72.8479,30.22,36.36,30.22,30.22,73,1005,4.87,276,100,overcast clouds,0.0,2,9.31,26.15,2025-05-17 06:03:36,2025-05-17 19:06:37
2025-05-21 15:00:00,Day 5,Mumbai,Forecast,19.0144,72.8479,29.92,35.57,29.92,29.92,73,1007,4.6,278,97,light rain,0.12,2,9.31,26.15,2025-05-17 06:03:36,2025-05-17 19:06:37
2025-05-21 18:00:00,Day 5,Mumbai,Forecast,19.0144,72.8479,29.67,35.17,29.67,29.67,74,1007,4.92,274,98,overcast clouds,0.0,2,9.31,26.15,2025-05-17 06:03:36,2025-05-17 19:06:37
2025-05-16 21:00:00,Today,Delhi,Forecast,28.6667,77.2167,37.47,35.28,36.22,37.47,16,1001,1.77,135,59,broken clouds,0.0,3,39.88,89.97,2025-05-17 05:29:20,2025-05-17 19:05:56
2025-05-17 00:00:00,Day 1,Delhi,Forecast,28.6667,77.2167,36.41,34.24,35.57,36.41,17,1001,2.34,167,65,broken clouds,0.0,3,39.88,89.97,2025-05-17 05:29:20,2025-05-17 19:05:56
2025-05-17 03:00:00,Day 1,Delhi,Forecast,28.6667,77.2167,38.26,37.0,38.26,38.26,20,1002,6.03,269,56,broken clouds,0.0,3,39.88,89.97,2025-05-17 05:29:20,2025-05-17 19:05:56
2025-05-17 06:00:00,Day 1,Delhi,Forecast,28.6667,77.2167,42.45,40.69,42.45,42.45,14,1002,6.17,289,52,broken clouds,0.0,3,39.88,89.97,2025-05-17 05:29:20,2025-05-17 19:05:56
2025-05-17 09:00:00,Day 1,Delhi,Forecast,28.6667,77.2167,44.47,40.81,44.47,44.47,8,998,7.05,293,38,scattered clouds,0.0,3,39.88,89.97,2025-05-17 05:29:20,2025-05-17 19:05:56
2025-05-17 12:00:00,Day 1,Delhi,Forecast,28.6667,77.2167,43.71,40.41,43.71,43.71,9,997,6.45,272,60,broken clouds,0.0,3,39.88,89.97,2025-05-17 05:29:20,2025-05-17 19:05:56
2025-05-17 15:00:00,Day 1,Delhi,Forecast,28.6667,77.2167,42.06,39.05,42.06,42.06,10,998,5.64,275,24,few clouds,0.0,3,39.88,89.97,2025-05-17 05:29:20,2025-05-17 19:05:56
2025-05-17 18:00:00,Day 1,Delhi,Forecast,28.6667,77.2167,39.56,36.89,39.56,39.56,12,999,1.76,296,37,scattered clouds,0.0,3,39.88,89.97,2025-05-17 05:29:20,2025-05-17 19:05:56
2025-05-17 21:00:00,Day 1,Delhi,Forecast,28.6667,77.2167,38.6,36.05,38.6,38.6,13,998,4.37,284,5,clear sky,0.0,3,39.88,89.97,2025-05-17 05:29:20,2025-05-17 19:05:56
2025-05-18 00:00:00,Day 2,Delhi,Forecast,28.6667,77.2167,36.67,34.4,36.67,36.67,16,999,5.56,286,5,clear sky,0.0,3,39.88,89.97,2025-05-17 05:29:20,2025-05-17 19:05:56
2025-05-18 03:00:00,Day 2,Delhi,Forecast,28.6667,77.2167,37.99,36.24,37.99,37.99,18,1002,4.79,332,1,clear sky,0.0,3,39.88,89.97,2025-05-17 05:29:20,2025-05-17 19:05:56
2025-05-18 06:00:00,Day 2,Delhi,Forecast,28.6667,77.2167,42.4,40.3,42.4,42.4,13,1001,3.99,331,1,clear sky,0.0,3,39.88,89.97,2025-05-17 05:29:20,2025-05-17 19:05:56
2025-05-18 09:00:00,Day 2,Delhi,Forecast,28.6667,77.2167,45.3,42.01,45.3,45.3,9,998,3.81,322,1,clear sky,0.0,3,39.88,89.97,2025-05-17 05:29:20,2025-05-17 19:05:56
2025-05-18 12:00:00,Day 2,Delhi,Forecast,28.6667,77.2167,45.1,41.81,45.1,45.1,9,996,6.36,287,16,few clouds,0.0,3,39.88,89.97,2025-05-17 05:29:20,2025-05-17 19:05:56
2025-05-18 15:00:00,Day 2,Delhi,Forecast,28.6667,77.2167,43.13,40.15,43.13,43.13,10,997,4.68,268,32,scattered clouds,0.0,3,39.88,89.97,2025-05-17 05:29:20,2025-05-17 19:05:56
2025-05-18 18:00:00,Day 2,Delhi,Forecast,28.6667,77.2167,41.03,38.46,41.03,41.03,12,997,4.95,270,42,scattered clouds,0.0,3,39.88,89.97,2025-05-17 05:29:20,2025-05-17 19:05:56
2025-05-18 21:00:00,Day 2,Delhi,Forecast,28.6667,77.2167,38.79,37.01,38.79,38.79,17,998,4.44,286,10,clear sky,0.0,3,39.88,89.97,2025-05-17 05:29:20,2025-05-17 19:05:56
2025-05-19 00:00:00,Day 3,Delhi,Forecast,28.6667,77.2167,37.07,35.67,37.07,37.07,21,1000,1.07,74,45,scattered clouds,0.0,3,39.88,89.97,2025-05-17 05:29:20,2025-05-17 19:05:56
2025-05-19 03:00:00,Day 3,Delhi,Forecast,28.6667,77.2167,36.49,35.94,36.49,36.49,26,1003,3.6,113,61,broken clouds,0.0,3,39.88,89.97,2025-05-17 05:29:20,2025-05-17 19:05:56
2025-05-19 06:00:00,Day 3,Delhi,Forecast,28.6667,77.2167,40.75,40.12,40.75,40.75,19,1002,0.98,175,31,scattered clouds,0.0,3,39.88,89.97,2025-05-17 05:29:20,2025-05-17 19:05:56
2025-05-19 09:00:00,Day 3,Delhi,Forecast,28.6667,77.2167,44.34,43.09,44.34,44.34,14,998,1.78,246,0,clear sky,0.0,3,39.88,89.97,2025-05-17 05:29:20,2025-05-17 19:05:56
2025-05-19 12:00:00,Day 3,Delhi,Forecast,28.6667,77.2167,44.93,42.92,44.93,44.93,12,995,5.24,282,16,few clouds,0.0,3,39.88,89.97,2025-05-17 05:29:20,2025-05-17 19:05:56
2025-05-19 15:00:00,Day 3,Delhi,Forecast,28.6667,77.2167,42.45,40.69,42.45,42.45,14,996,5.06,258,0,clear sky,0.0,3,39.88,89.97,2025-05-17 05:29:20,2025-05-17 19:05:56
2025-05-19 18:00:00,Day 3,Delhi,Forecast,28.6667,77.2167,39.54,37.93,39.54,39.54,17,999,3.03,324,0,clear sky,0.0,3,39.88,89.97,2025-05-17 05:29:20,2025-05-17 19:05:56
2025-05-19 21:00:00,Day 3,Delhi,Forecast,28.6667,77.2167,35.63,34.05,35.63,35.63,22,998,2.84,24,20,few clouds,0.0,3,39.88,89.97,2025-05-17 05:29:20,2025-05-17 19:05:56
2025-05-20 00:00:00,Day 4,Delhi,Forecast,28.6667,77.2167,35.0,33.59,35.0,35.0,24,999,1.0,89,10,clear sky,0.0,3,39.88,89.97,2025-05-17 05:29:20,2025-05-17 19:05:56
2025-05-20 03:00:00,Day 4,Delhi,Forecast,28.6667,77.2167,37.21,36.27,37.21,37.21,23,1001,1.29,323,0,clear sky,0.0,3,39.88,89.97,2025-05-17 05:29:20,2025-05-17 19:05:56
2025-05-20 06:00:00,Day 4,Delhi,Forecast,28.6667,77.2167,41.42,40.72,41.42,41.42,18,1000,3.75,302,0,clear sky,0.0,3,39.88,89.97,2025-05-17 05:29:20,2025-05-17 19:05:56
2025-05-20 09:00:00,Day 4,Delhi,Forecast,28.6667,77.2167,43.93,42.55,43.93,43.93,14,997,4.25,271,0,clear sky,0.0,3,39.88,89.97,2025-05-17 05:29:20,2025-05-17 19:05:56
2025-05-20 12:00:00,Day 4,Delhi,Forecast,28.6667,77.2167,44.25,42.11,44.25,44.25,12,995,6.03,286,7,clear sky,0.0,3,39.88,89.97,2025-05-17 05:29:20,2025-05-17 19:05:56
2025-05-20 15:00:00,Day 4,Delhi,Forecast,28.6667,77.2167,42.18,39.73,42.18,42.18,12,996,5.48,266,14,few clouds,0.0,3,39.88,89.97,2025-05-17 05:29:20,2025-05-17 19:05:56
2025-05-20 18:00:00,Day 4,Delhi,Forecast,28.6667,77.2167,39.85,38.07,39.85,39.85,16,998,1.58,172,58,light rain,0.5,3,39.88,89.97,2025-05-17 05:29:20,2025-05-17 19:05:56
2025-05-20 21:00:00,Day 4,Delhi,Forecast,28.6667,77.2167,37.12,36.15,37.12,37.12,23,997,3.67,153,32,light rain,0.24,3,39.88,89.97,2025-05-17 05:29:20,2025-05-17 19:05:56
2025-05-21 00:00:00,Day 5,Delhi,Forecast,28.6667,77.2167,34.49,33.77,34.49,34.49,29,1000,2.26,134,24,few clouds,0.0,3,39.88,89.97,2025-05-17 05:29:20,2025-05-17 19:05:56
2025-05-21 03:00:00,Day 5,Delhi,Forecast,28.6667,77.2167,37.47,37.12,37.47,37.47,25,1002,3.73,253,0,clear sky,0.0,3,39.88,89.97,2025-05-17 05:29:20,2025-05-17 19:05:56
2025-05-21 06:00:00,Day 5,Delhi,Forecast,28.6667,77.2167,40.79,40.87,40.79,40.79,21,1001,2.51,271,2,clear sky,0.0,3,39.88,89.97,2025-05-17 05:29:20,2025-05-17 19:05:56
2025-05-21 09:00:00,Day 5,Delhi,Forecast,28.6667,77.2167,41.88,41.37,41.88,41.88,18,998,5.84,282,35,light rain,0.26,3,39.88,89.97,2025-05-17 05:29:20,2025-05-17 19:05:56
2025-05-21 12:00:00,Day 5,Delhi,Forecast,28.6667,77.2167,39.24,38.32,39.24,39.24,20,998,7.49,187,31,light rain,0.36,3,39.88,89.97,2025-05-17 05:29:20,2025-05-17 19:05:56
2025-05-21 15:00:00,Day 5,Delhi,Forecast,28.6667,77.2167,36.71,35.81,36.71,36.71,24,999,2.66,153,56,light rain,0.24,3,39.88,89.97,2025-05-17 05:29:20,2025-05-17 19:05:56
2025-05-21 18:00:00,Day 5,Delhi,Forecast,28.6667,77.2167,37.16,35.99,37.16,37.16,22,998,4.54,188,66,broken clouds,0.0,3,39.88,89.97,2025-05-17 05:29:20,2025-05-17 19:05:56
2025-05-16 21:00:00,Today,Chennai,Forecast,13.0878,80.2785,30.61,37.61,29.85,30.61,76,1006,2.47,217,100,light rain,0.17,3,49.45,54.18,2025-05-17 05:43:04,2025-05-17 18:27:43
2025-05-17 00:00:00,Day 1,Chennai,Forecast,13.0878,80.2785,30.12,35.84,29.69,30.12,72,1006,4.66,247,100,light rain,0.18,3,49.45,54.18,2025-05-17 05:43:04,2025-05-17 18:27:43
2025-05-17 03:00:00,Day 1,Chennai,Forecast,13.0878,80.2785,32.22,35.55,32.22,32.22,53,1006,5.22,276,100,overcast clouds,0.0,3,49.45,54.18,2025-05-17 05:43:04,2025-05-17 18:27:43
2025-05-17 06:00:00,Day 1,Chennai,Forecast,13.0878,80.2785,34.03,38.8,34.03,34.03,51,1006,6.04,97,100,overcast clouds,0.0,3,49.45,54.18,2025-05-17 05:43:04,2025-05-17 18:27:43
2025-05-17 09:00:00,Day 1,Chennai,Forecast,13.0878,80.2785,30.65,35.33,30.65,30.65,65,1004,6.11,166,100,overcast clouds,0.0,3,49.45,54.18,2025-05-17 05:43:04,2025-05-17 18:27:43
2025-05-17 12:00:00,Day 1,Chennai,Forecast,13.0878,80.2785,30.2,35.03,30.2,30.2,68,1004,5.34,198,90,overcast clouds,0.0,3,49.45,54.18,2025-05-17 05:43:04,2025-05-17 18:27:43
2025-05-17 15:00:00,Day 1,Chennai,Forecast,13.0878,80.2785,29.48,33.81,29.48,29.48,70,1006,4.54,210,77,broken clouds,0.0,3,49.45,54.18,2025-05-17 05:43:04,2025-05-17 18:27:43
2025-05-17 18:00:00,Day 1,Chennai,Forecast,13.0878,80.2785,28.96,32.28,28.96,28.96,68,1006,4.08,226,85,overcast clouds,0.0,3,49.45,54.18,2025-05-17 05:43:04,2025-05-17 18:27:43
2025-05-17 21:00:00,Day 1,Chennai,Forecast,13.0878,80.2785,28.23,31.56,28.23,28.23,73,1004,4.27,218,84,broken clouds,0.0,3,49.45,54.18,2025-05-17 05:43:04,2025-05-17 18:27:43
2025-05-18 00:00:00,Day 2,Chennai,Forecast,13.0878,80.2785,27.97,31.29,27.97,27.97,75,1005,3.95,214,84,broken clouds,0.0,3,49.45,54.18,2025-05-17 05:43:04,2025-05-17 18:27:43
2025-05-18 03:00:00,Day 2,Chennai,Forecast,13.0878,80.2785,28.78,32.25,28.78,28.78,70,1007,4.57,245,100,light rain,0.37,3,49.45,54.18,2025-05-17 05:43:04,2025-05-17 18:27:43
2025-05-18 06:00:00,Day 2,Chennai,Forecast,13.0878,80.2785,29.81,33.48,29.81,29.81,65,1006,3.93,236,100,overcast clouds,0.0,3,49.45,54.18,2025-05-17 05:43:04,2025-05-17 18:27:43
2025-05-18 09:00:00,Day 2,Chennai,Forecast,13.0878,80.2785,30.19,34.07,30.19,30.19,64,1003,4.87,228,100,overcast clouds,0.0,3,49.45,54.18,2025-05-17 05:43:04,2025-05-17 18:27:43
2025-05-18 12:00:00,Day 2,Chennai,Forecast,13.0878,80.2785,29.97,33.82,29.97,29.97,65,1003,3.55,240,100,light rain,0.4,3,49.45,54.18,2025-05-17 05:43:04,2025-05-17 18:27:43
2025-05-18 15:00:00,Day 2,Chennai,Forecast,13.0878,80.2785,28.2,31.65,28.2,28.2,74,1005,4.61,227,96,light rain,0.35,3,49.45,54.18,2025-05-17 05:43:04,2025-05-17 18:27:43
2025-05-18 18:00:00,Day 2,Chennai,Forecast,13.0878,80.2785,26.96,29.56,26.96,26.96,79,1005,5.1,227,85,overcast clouds,0.0,3,49.45,54.18,2025-05-17 05:43:04,2025-05-17 18:27:43
2025-05-18 21:00:00,Day 2,Chennai,Forecast,13.0878,80.2785,26.81,29.32,26.81,26.81,80,1003,4.18,243,89,overcast clouds,0.0,3,49.45,54.18,2025-05-17 05:43:04,2025-05-17 18:27:43
2025-05-19 00:00:00,Day 3,Chennai,Forecast,13.0878,80.2785,27.04,29.64,27.04,27.04,78,1004,3.68,236,94,overcast clouds,0.0,3,49.45,54.18,2025-05-17 05:43:04,2025-05-17 18:27:43
2025-05-19 03:00:00,Day 3,Chennai,Forecast,13.0878,80.2785,28.97,32.48,28.97,28.97,69,1006,3.48,269,100,overcast clouds,0.0,3,49.45,54.18,2025-05-17 05:43:04,2025-05-17 18:27:43
2025-05-19 06:00:00,Day 3,Chennai,Forecast,13.0878,80.2785,30.67,34.63,30.67,30.67,62,1005,1.67,316,100,overcast clouds,0.0,3,49.45,54.18,2025-05-17 05:43:04,2025-05-17 18:27:43
2025-05-19 09:00:00,Day 3,Chennai,Forecast,13.0878,80.2785,30.57,34.66,30.57,30.57,63,1002,1.99,114,100,light rain,0.71,3,49.45,54.18,2025-05-17 05:43:04,2025-05-17 18:27:43
2025-05-19 12:00:00,Day 3,Chennai,Forecast,13.0878,80.2785,30.09,34.77,30.09,30.09,68,1002,3.58,128,100,light rain,1.06,3,49.45,54.18,2025-05-17 05:43:04,2025-05-17 18:27:43
2025-05-19 15:00:00,Day 3,Chennai,Forecast,13.0878,80.2785,29.34,34.11,29.34,29.34,73,1004,3.53,175,100,light rain,0.25,3,49.45,54.18,2025-05-17 05:43:04,2025-05-17 18:27:43
2025-05-19 18:00:00,Day 3,Chennai,Forecast,13.0878,80.2785,28.3,32.03,28.3,28.3,75,1004,3.39,244,100,light rain,1.72,3,49.45,54.18,2025-05-17 05:43:04,2025-05-17 18:27:43
2025-05-19 21:00:00,Day 3,Chennai,Forecast,13.0878,80.2785,28.4,31.62,28.4,28.4,71,1001,3.74,243,95,light rain,0.17,3,49.45,54.18,2025-05-17 05:43:04,2025-05-17 18:27:43
2025-05-20 00:00:00,Day 4,Chennai,Forecast,13.0878,80.2785,28.17,31.43,28.17,28.17,73,1003,5.39,248,92,light rain,0.49,3,49.45,54.18,2025-05-17 05:43:04,2025-05-17 18:27:43
2025-05-20 03:00:00,Day 4,Chennai,Forecast,13.0878,80.2785,30.74,35.28,30.74,30.74,64,1004,4.3,334,100,overcast clouds,0.0,3,49.45,54.18,2025-05-17 05:43:04,2025-05-17 18:27:43
2025-05-20 06:00:00,Day 4,Chennai,Forecast,13.0878,80.2785,33.92,39.99,33.92,33.92,55,1003,4.5,46,99,light rain,0.13,3,49.45,54.18,2025-05-17 05:43:04,2025-05-17 18:27:43
2025-05-20 09:00:00,Day 4,Chennai,Forecast,13.0878,80.2785,32.33,38.85,32.33,32.33,63,1001,5.5,77,100,overcast clouds,0.0,3,49.45,54.18,2025-05-17 05:43:04,2025-05-17 18:27:43
2025-05-20 12:00:00,Day 4,Chennai,Forecast,13.0878,80.2785,30.91,37.36,30.91,30.91,70,1002,5.56,112,100,light rain,0.4,3,49.45,54.18,2025-05-17 05:43:04,2025-05-17 18:27:43
2025-05-20 15:00:00,Day 4,Chennai,Forecast,13.0878,80.2785,30.25,36.99,30.25,30.25,75,1003,4.74,163,98,light rain,0.14,3,49.45,54.18,2025-05-17 05:43:04,2025-05-17 18:27:43
2025-05-20 18:00:00,Day 4,Chennai,Forecast,13.0878,80.2785,29.93,34.87,29.93,29.93,70,1003,5.09,219,83,light rain,0.14,3,49.45,54.18,2025-05-17 05:43:04,2025-05-17 18:27:43
2025-05-20 21:00:00,Day 4,Chennai,Forecast,13.0878,80.2785,29.47,34.0,29.47,29.47,71,1001,4.19,216,85,light rain,0.68,3,49.45,54.18,2025-05-17 05:43:04,2025-05-17 18:27:43
2025-05-21 00:00:00,Day 5,Chennai,Forecast,13.0878,80.2785,29.69,34.07,29.69,29.69,69,1002,2.98,262,95,overcast clouds,0.0,3,49.45,54.18,2025-05-17 05:43:04,2025-05-17 18:27:43
2025-05-21 03:00:00,Day 5,Chennai,Forecast,13.0878,80.2785,30.76,35.08,30.76,30.76,63,1005,3.1,23,98,light rain,1.58,3,49.45,54.18,2025-05-17 05:43:04,2025-05-17 18:27:43
2025-05-21 06:00:00,Day 5,Chennai,Forecast,13.0878,80.2785,31.73,36.74,31.73,31.73,61,1005,6.07,62,99,light rain,0.26,3,49.45,54.18,2025-05-17 05:43:04,2025-05-17 18:27:43
2025-05-21 09:00:00,Day 5,Chennai,Forecast,13.0878,80.2785,30.94,35.48,30.94,30.94,63,1003,2.09,102,100,overcast clouds,0.0,3,49.45,54.18,2025-05-17 05:43:04,2025-05-17 18:27:43
2025-05-21 12:00:00,Day 5,Chennai,Forecast,13.0878,80.2785,30.41,35.54,30.41,30.41,68,1002,4.11,172,100,overcast clouds,0.0,3,49.45,54.18,2025-05-17 05:43:04,2025-05-17 18:27:43
2025-05-21 15:00:00,Day 5,Chennai,Forecast,13.0878,80.2785,30.29,36.28,30.29,30.29,72,1003,4.77,187,95,overcast clouds,0.0,3,49.45,54.18,2025-05-17 05:43:04,2025-05-17 18:27:43
2025-05-21 18:00:00,Day 5,Chennai,Forecast,13.0878,80.2785,29.96,35.43,29.96,29.96,72,1005,5.16,205,79,light rain,0.57,3,49.45,54.18,2025-05-17 05:43:04,2025-05-17 18:27:43
2025-05-16 21:00:00,Today,Kolkata,Forecast,22.5697,88.3697,30.08,34.99,29.55,30.08,69,1005,3.94,189,93,overcast clouds,0.0,1,5.96,12.44,2025-05-17 04:55:40,2025-05-17 18:10:23
2025-05-17 00:00:00,Day 1,Kolkata,Forecast,22.5697,88.3697,29.64,34.63,29.28,29.64,72,1005,4.83,178,96,overcast clouds,0.0,1,5.96,12.44,2025-05-17 04:55:40,2025-05-17 18:10:23
2025-05-17 03:00:00,Day 1,Kolkata,Forecast,22.5697,88.3697,31.77,36.84,31.77,31.77,61,1007,5.35,194,95,overcast clouds,0.0,1,5.96,12.44,2025-05-17 04:55:40,2025-05-17 18:10:23
2025-05-17 06:00:00,Day 1,Kolkata,Forecast,22.5697,88.3697,36.97,41.97,36.97,36.97,42,1005,5.81,183,70,broken clouds,0.0,1,5.96,12.44,2025-05-17 04:55:40,2025-05-17 18:10:23
2025-05-17 09:00:00,Day 1,Kolkata,Forecast,22.5697,88.3697,38.33,42.81,38.33,38.33,37,1002,8.41,199,15,few clouds,0.0,1,5.96,12.44,2025-05-17 04:55:40,2025-05-17 18:10:23
2025-05-17 12:00:00,Day 1,Kolkata,Forecast,22.5697,88.3697,34.11,38.3,34.11,34.11,49,1001,7.67,174,13,few clouds,0.0,1,5.96,12.44,2025-05-17 04:55:40,2025-05-17 18:10:23
2025-05-17 15:00:00,Day 1,Kolkata,Forecast,22.5697,88.3697,30.43,35.33,30.43,30.43,67,1005,8.62,179,60,broken clouds,0.0,1,5.96,12.44,2025-05-17 04:55:40,2025-05-17 18:10:23
2025-05-17 18:00:00,Day 1,Kolkata,Forecast,22.5697,88.3697,29.95,35.4,29.95,29.95,72,1006,5.05,181,72,broken clouds,0.0,1,5.96,12.44,2025-05-17 04:55:40,2025-05-17 18:10:23
2025-05-17 21:00:00,Day 1,Kolkata,Forecast,22.5697,88.3697,29.29,34.64,29.29,29.29,76,1005,4.9,184,56,broken clouds,0.0,1,5.96,12.44,2025-05-17 04:55:40,2025-05-17 18:10:23
2025-05-18 00:00:00,Day 2,Kolkata,Forecast,22.5697,88.3697,28.9,34.25,28.9,28.9,79,1005,4.11,187,60,broken clouds,0.0,1,5.96,12.44,2025-05-17 04:55:40,2025-05-17 18:10:23
2025-05-18 03:00:00,Day 2,Kolkata,Forecast,22.5697,88.3697,33.61,39.6,33.61,33.61,56,1007,4.94,186,53,light rain,0.12,1,5.96,12.44,2025-05-17 04:55:40,2025-05-17 18:10:23
2025-05-18 06:00:00,Day 2,Kolkata,Forecast,22.5697,88.3697,34.36,38.84,34.36,34.36,49,1006,4.65,186,76,light rain,0.37,1,5.96,12.44,2025-05-17 04:55:40,2025-05-17 18:10:23
2025-05-18 09:00:00,Day 2,Kolkata,Forecast,22.5697,88.3697,38.27,41.83,38.27,38.27,35,1002,7.74,192,29,scattered clouds,0.0,1,5.96,12.44,2025-05-17 04:55:40,2025-05-17 18:10:23
2025-05-18 12:00:00,Day 2,Kolkata,Forecast,22.5697,88.3697,33.46,38.53,33.46,33.46,54,1002,8.33,184,16,few clouds,0.0,1,5.96,12.44,2025-05-17 04:55:40,2025-05-17 18:10:23
2025-05-18 15:00:00,Day 2,Kolkata,Forecast,22.5697,88.3697,27.33,29.83,27.33,27.33,74,1008,5.57,333,45,light rain,2.5,1,5.96,12.44,2025-05-17 04:55:40,2025-05-17 18:10:23
2025-05-18 18:00:00,Day 2,Kolkata,Forecast,22.5697,88.3697,26.2,26.2,26.2,26.2,80,1007,2.2,129,73,moderate rain,4.15,1,5.96,12.44,2025-05-17 04:55:40,2025-05-17 18:10:23
2025-05-18 21:00:00,Day 2,Kolkata,Forecast,22.5697,88.3697,27.25,29.68,27.25,27.25,74,1004,1.33,141,100,overcast clouds,0.0,1,5.96,12.44,2025-05-17 04:55:40,2025-05-17 18:10:23
2025-05-19 00:00:00,Day 3,Kolkata,Forecast,22.5697,88.3697,27.51,30.31,27.51,27.51,75,1006,1.94,80,88,overcast clouds,0.0,1,5.96,12.44,2025-05-17 04:55:40,2025-05-17 18:10:23
2025-05-19 03:00:00,Day 3,Kolkata,Forecast,22.5697,88.3697,29.88,34.29,29.88,29.88,68,1007,2.38,105,86,overcast clouds,0.0,1,5.96,12.44,2025-05-17 04:55:40,2025-05-17 18:10:23
2025-05-19 06:00:00,Day 3,Kolkata,Forecast,22.5697,88.3697,30.6,35.22,30.6,30.6,65,1006,0.74,150,94,light rain,0.47,1,5.96,12.44,2025-05-17 04:55:40,2025-05-17 18:10:23
2025-05-19 09:00:00,Day 3,Kolkata,Forecast,22.5697,88.3697,34.16,38.75,34.16,34.16,50,1003,4.89,173,72,light rain,0.1,1,5.96,12.44,2025-05-17 04:55:40,2025-05-17 18:10:23
2025-05-19 12:00:00,Day 3,Kolkata,Forecast,22.5697,88.3697,32.74,36.63,32.74,32.74,53,1002,6.05,175,85,light rain,0.11,1,5.96,12.44,2025-05-17 04:55:40,2025-05-17 18:10:23
2025-05-19 15:00:00,Day 3,Kolkata,Forecast,22.5697,88.3697,29.17,32.91,29.17,29.17,69,1004,5.8,178,26,scattered clouds,0.0,1,5.96,12.44,2025-05-17 04:55:40,2025-05-17 18:10:23
2025-05-19 18:00:00,Day 3,Kolkata,Forecast,22.5697,88.3697,28.57,32.48,28.57,28.57,74,1004,4.77,189,41,scattered clouds,0.0,1,5.96,12.44,2025-05-17 04:55:40,2025-05-17 18:10:23
2025-05-19 21:00:00,Day 3,Kolkata,Forecast,22.5697,88.3697,27.83,31.39,27.83,27.83,78,1002,4.37,159,100,overcast clouds,0.0,1,5.96,12.44,2025-05-17 04:55:40,2025-05-17 18:10:23
2025-05-20 00:00:00,Day 4,Kolkata,Forecast,22.5697,88.3697,27.97,31.87,27.97,27.97,79,1003,2.16,161,94,overcast clouds,0.0,1,5.96,12.44,2025-05-17 04:55:40,2025-05-17 18:10:23
2025-05-20 03:00:00,Day 4,Kolkata,Forecast,22.5697,88.3697,32.51,36.72,32.51,32.51,55,1005,3.72,167,29,light rain,0.1,1,5.96,12.44,2025-05-17 04:55:40,2025-05-17 18:10:23
2025-05-20 06:00:00,Day 4,Kolkata,Forecast,22.5697,88.3697,36.26,40.41,36.26,36.26,42,1003,4.67,174,34,scattered clouds,0.0,1,5.96,12.44,2025-05-17 04:55:40,2025-05-17 18:10:23
2025-05-20 09:00:00,Day 4,Kolkata,Forecast,22.5697,88.3697,36.65,39.73,36.65,36.65,38,1001,4.78,131,64,broken clouds,0.0,1,5.96,12.44,2025-05-17 04:55:40,2025-05-17 18:10:23
2025-05-20 12:00:00,Day 4,Kolkata,Forecast,22.5697,88.3697,33.67,37.68,33.67,33.67,50,1001,6.75,154,70,broken clouds,0.0,1,5.96,12.44,2025-05-17 04:55:40,2025-05-17 18:10:23
2025-05-20 15:00:00,Day 4,Kolkata,Forecast,22.5697,88.3697,30.2,34.79,30.2,30.2,67,1003,6.15,163,26,scattered clouds,0.0,1,5.96,12.44,2025-05-17 04:55:40,2025-05-17 18:10:23
2025-05-20 18:00:00,Day 4,Kolkata,Forecast,22.5697,88.3697,29.4,34.04,29.4,29.4,72,1003,4.11,180,15,few clouds,0.0,1,5.96,12.44,2025-05-17 04:55:40,2025-05-17 18:10:23
2025-05-20 21:00:00,Day 4,Kolkata,Forecast,22.5697,88.3697,28.68,33.1,28.68,28.68,76,1002,3.24,166,97,overcast clouds,0.0,1,5.96,12.44,2025-05-17 04:55:40,2025-05-17 18:10:23
2025-05-21 00:00:00,Day 5,Kolkata,Forecast,22.5697,88.3697,28.65,33.4,28.65,28.65,78,1003,2.57,156,98,overcast clouds,0.0,1,5.96,12.44,2025-05-17 04:55:40,2025-05-17 18:10:23
2025-05-21 03:00:00,Day 5,Kolkata,Forecast,22.5697,88.3697,33.06,38.62,33.06,33.06,57,1005,3.69,165,53,broken clouds,0.0,1,5.96,12.44,2025-05-17 04:55:40,2025-05-17 18:10:23
2025-05-21 06:00:00,Day 5,Kolkata,Forecast,22.5697,88.3697,34.27,38.31,34.27,34.27,48,1004,2.86,184,70,light rain,0.18,1,5.96,12.44,2025-05-17 04:55:40,2025-05-17 18:10:23
2025-05-21 09:00:00,Day 5,Kolkata,Forecast,22.5697,88.3697,36.14,40.54,36.14,36.14,43,1002,4.1,152,76,broken clouds,0.0,1,5.96,12.44,2025-05-17 04:55:40,2025-05-17 18:10:23
2025-05-21 12:00:00,Day 5,Kolkata,Forecast,22.5697,88.3697,34.01,38.76,34.01,34.01,51,1001,6.91,139,57,broken clouds,0.0,1,5.96,12.44,2025-05-17 04:55:40,2025-05-17 18:10:23
2025-05-21 15:00:00,Day 5,Kolkata,Forecast,22.5697,88.3697,30.63,35.29,30.63,30.63,65,1003,5.73,156,4,clear sky,0.0,1,5.96,12.44,2025-05-17 04:55:40,2025-05-17 18:10:23
2025-05-21 18:00:00,Day 5,Kolkata,Forecast,22.5697,88.3697,29.35,33.92,29.35,29.35,72,1004,4.04,160,0,clear sky,0.0,1,5.96,12.44,2025-05-17 04:55:40,2025-05-17 18:10:23
2025-05-16 21:00:00,Today,Hyderabad,Forecast,17.3753,78.4744,30.52,31.67,29.63,30.52,49,1006,2.49,271,93,overcast clouds,0.0,2,13.48,16.24,2025-05-17 05:43:42,2025-05-17 18:41:30
2025-05-17 00:00:00,Day 1,Hyderabad,Forecast,17.3753,78.4744,29.58,30.44,28.89,29.58,50,1006,2.02,282,96,overcast clouds,0.0,2,13.48,16.24,2025-05-17 05:43:42,2025-05-17 18:41:30
2025-05-17 03:00:00,Day 1,Hyderabad,Forecast,17.3753,78.4744,31.67,32.52,31.67,31.67,44,1008,2.57,317,100,overcast clouds,0.0,2,13.48,16.24,2025-05-17 05:43:42,2025-05-17 18:41:30
2025-05-17 06:00:00,Day 1,Hyderabad,Forecast,17.3753,78.4744,35.31,36.34,35.31,35.31,35,1006,1.94,351,93,overcast clouds,0.0,2,13.48,16.24,2025-05-17 05:43:42,2025-05-17 18:41:30
2025-05-17 09:00:00,Day 1,Hyderabad,Forecast,17.3753,78.4744,37.67,38.25,37.67,37.67,28,1003,3.27,44,87,overcast clouds,0.0,2,13.48,16.24,2025-05-17 05:43:42,2025-05-17 18:41:30
2025-05-17 12:00:00,Day 1,Hyderabad,Forecast,17.3753,78.4744,36.47,36.9,36.47,36.47,30,1001,4.89,77,93,overcast clouds,0.0,2,13.48,16.24,2025-05-17 05:43:42,2025-05-17 18:41:30
2025-05-17 15:00:00,Day 1,Hyderabad,Forecast,17.3753,78.4744,30.96,32.17,30.96,30.96,48,1005,5.87,304,100,light rain,0.24,2,13.48,16.24,2025-05-17 05:43:42,2025-05-17 18:41:30
2025-05-17 18:00:00,Day 1,Hyderabad,Forecast,17.3753,78.4744,30.08,31.67,30.08,30.08,53,1007,3.08,31,100,light rain,2.38,2,13.48,16.24,2025-05-17 05:43:42,2025-05-17 18:41:30
2025-05-17 21:00:00,Day 1,Hyderabad,Forecast,17.3753,78.4744,29.12,31.24,29.12,29.12,60,1005,4.67,97,99,light rain,0.83,2,13.48,16.24,2025-05-17 05:43:42,2025-05-17 18:41:30
2025-05-18 00:00:00,Day 2,Hyderabad,Forecast,17.3753,78.4744,28.27,30.36,28.27,28.27,64,1006,0.27,180,99,light rain,1.51,2,13.48,16.24,2025-05-17 05:43:42,2025-05-17 18:41:30
2025-05-18 03:00:00,Day 2,Hyderabad,Forecast,17.3753,78.4744,29.09,31.03,29.09,29.09,59,1007,2.87,275,89,light rain,0.65,2,13.48,16.24,2025-05-17 05:43:42,2025-05-17 18:41:30
2025-05-18 06:00:00,Day 2,Hyderabad,Forecast,17.3753,78.4744,31.51,33.27,31.51,31.51,49,1007,3.25,337,95,overcast clouds,0.0,2,13.48,16.24,2025-05-17 05:43:42,2025-05-17 18:41:30
2025-05-18 09:00:00,Day 2,Hyderabad,Forecast,17.3753,78.4744,34.73,35.9,34.73,34.73,37,1003,2.73,9,93,overcast clouds,0.0,2,13.48,16.24,2025-05-17 05:43:42,2025-05-17 18:41:30
2025-05-18 12:00:00,Day 2,Hyderabad,Forecast,17.3753,78.4744,34.35,35.27,34.35,34.35,37,1002,3.22,54,82,light rain,0.37,2,13.48,16.24,2025-05-17 05:43:42,2025-05-17 18:41:30
2025-05-18 15:00:00,Day 2,Hyderabad,Forecast,17.3753,78.4744,31.98,33.64,31.98,31.98,47,1005,0.39,181,100,light rain,0.57,2,13.48,16.24,2025-05-17 05:43:42,2025-05-17 18:41:30
2025-05-18 18:00:00,Day 2,Hyderabad,Forecast,17.3753,78.4744,31.43,33.35,31.43,31.43,50,1005,2.67,179,100,light rain,0.39,2,13.48,16.24,2025-05-17 05:43:42,2025-05-17 18:41:30
2025-05-18 21:00:00,Day 2,Hyderabad,Forecast,17.3753,78.4744,29.02,31.54,29.02,29.02,63,1005,1.4,235,57,broken clouds,0.0,2,13.48,16.24,2025-05-17 05:43:42,2025-05-17 18:41:30
2025-05-19 00:00:00,Day 3,Hyderabad,Forecast,17.3753,78.4744,28.2,30.24,28.2,28.2,64,1005,2.98,279,79,broken clouds,0.0,2,13.48,16.24,2025-05-17 05:43:42,2025-05-17 18:41:30
2025-05-19 03:00:00,Day 3,Hyderabad,Forecast,17.3753,78.4744,30.63,32.58,30.63,30.63,53,1007,1.9,329,90,overcast clouds,0.0,2,13.48,16.24,2025-05-17 05:43:42,2025-05-17 18:41:30
2025-05-19 06:00:00,Day 3,Hyderabad,Forecast,17.3753,78.4744,34.55,36.68,34.55,34.55,41,1005,2.77,38,80,broken clouds,0.0,2,13.48,16.24,2025-05-17 05:43:42,2025-05-17 18:41:30
2025-05-19 09:00:00,Day 3,Hyderabad,Forecast,17.3753,78.4744,36.61,38.62,36.61,36.61,35,1002,4.46,63,97,overcast clouds,0.0,2,13.48,16.24,2025-05-17 05:43:42,2025-05-17 18:41:30
2025-05-19 12:00:00,Day 3,Hyderabad,Forecast,17.3753,78.4744,35.42,37.09,35.42,35.42,37,1000,4.85,85,97,overcast clouds,0.0,2,13.48,16.24,2025-05-17 05:43:42,2025-05-17 18:41:30
2025-05-19 15:00:00,Day 3,Hyderabad,Forecast,17.3753,78.4744,32.48,34.51,32.48,32.48,47,1003,1.9,204,47,scattered clouds,0.0,2,13.48,16.24,2025-05-17 05:43:42,2025-05-17 18:41:30
2025-05-19 18:00:00,Day 3,Hyderabad,Forecast,17.3753,78.4744,29.68,32.05,29.68,29.68,59,1004,1.67,304,63,light rain,0.21,2,13.48,16.24,2025-05-17 05:43:42,2025-05-17 18:41:30
2025-05-19 21:00:00,Day 3,Hyderabad,Forecast,17.3753,78.4744,29.21,31.73,29.21,29.21,62,1003,2.34,262,48,scattered clouds,0.0,2,13.48,16.24,2025-05-17 05:43:42,2025-05-17 18:41:30
2025-05-20 00:00:00,Day 4,Hyderabad,Forecast,17.3753,78.4744,25.73,26.26,25.73,25.73,73,1005,4.67,279,74,light rain,0.52,2,13.48,16.24,2025-05-17 05:43:42,2025-05-17 18:41:30
2025-05-20 03:00:00,Day 4,Hyderabad,Forecast,17.3753,78.4744,29.9,31.55,29.9,29.9,54,1006,4.36,326,100,light rain,0.2,2,13.48,16.24,2025-05-17 05:43:42,2025-05-17 18:41:30
2025-05-20 06:00:00,Day 4,Hyderabad,Forecast,17.3753,78.4744,34.13,36.19,34.13,34.13,42,1005,4.85,340,94,overcast clouds,0.0,2,13.48,16.24,2025-05-17 05:43:42,2025-05-17 18:41:30
2025-05-20 09:00:00,Day 4,Hyderabad,Forecast,17.3753,78.4744,36.68,38.43,36.68,36.68,34,1002,4.98,338,77,broken clouds,0.0,2,13.48,16.24,2025-05-17 05:43:42,2025-05-17 18:41:30
2025-05-20 12:00:00,Day 4,Hyderabad,Forecast,17.3753,78.4744,36.08,37.37,36.08,36.08,34,1000,3.54,343,74,broken clouds,0.0,2,13.48,16.24,2025-05-17 05:43:42,2025-05-17 18:41:30
2025-05-20 15:00:00,Day 4,Hyderabad,Forecast,17.3753,78.4744,33.63,35.05,33.63,33.63,41,1002,1.64,9,74,light rain,0.37,2,13.48,16.24,2025-05-17 05:43:42,2025-05-17 18:41:30
2025-05-20 18:00:00,Day 4,Hyderabad,Forecast,17.3753,78.4744,25.63,26.21,25.63,25.63,75,1006,8.01,222,66,moderate rain,5.1,2,13.48,16.24,2025-05-17 05:43:42,2025-05-17 18:41:30
2025-05-20 21:00:00,Day 4,Hyderabad,Forecast,17.3753,78.4744,23.03,23.84,23.03,23.03,94,1005,7.73,212,100,very heavy rain,58.19,2,13.48,16.24,2025-05-17 05:43:42,2025-05-17 18:41:30
2025-05-21 00:00:00,Day 5,Hyderabad,Forecast,17.3753,78.4744,24.49,25.01,24.49,24.49,77,1004,5.33,259,100,heavy intensity rain,24.9,2,13.48,16.24,2025-05-17 05:43:42,2025-05-17 18:41:30
2025-05-21 03:00:00,Day 5,Hyderabad,Forecast,17.3753,78.4744,25.76,26.3,25.76,25.76,73,1006,4.81,288,100,light rain,0.57,2,13.48,16.24,2025-05-17 05:43:42,2025-05-17 18:41:30
2025-05-21 06:00:00,Day 5,Hyderabad,Forecast,17.3753,78.4744,28.95,30.95,28.95,28.95,60,1006,5.85,307,100,overcast clouds,0.0,2,13.48,16.24,2025-05-17 05:43:42,2025-05-17 18:41:30
2025-05-21 09:00:00,Day 5,Hyderabad,Forecast,17.3753,78.4744,28.65,30.59,28.65,28.65,61,1004,4.15,313,99,overcast clouds,0.0,2,13.48,16.24,2025-05-17 05:43:42,2025-05-17 18:41:30
2025-05-21 12:00:00,Day 5,Hyderabad,Forecast,17.3753,78.4744,28.89,31.15,28.89,28.89,62,1004,2.88,303,98,overcast clouds,0.0,2,13.48,16.24,2025-05-17 05:43:42,2025-05-17 18:41:30
2025-05-21 15:00:00,Day 5,Hyderabad,Forecast,17.3753,78.4744,27.66,29.69,27.66,27.66,67,1004,3.26,283,81,broken clouds,0.0,2,13.48,16.24,2025-05-17 05:43:42,2025-05-17 18:41:30
2025-05-21 18:00:00,Day 5,Hyderabad,Forecast,17.3753,78.4744,27.09,29.19,27.09,27.09,72,1005,3.15,269,82,light rain,0.12,2,13.48,16.24,2025-05-17 05:43:42,2025-05-17 18:41:30
2025-05-16 21:00:00,Today,Ahmedabad,Forecast,23.0333,72.6167,31.98,35.87,31.63,31.98,56,1005,4.38,193,24,few clouds,0.0,2,17.32,48.88,2025-05-17 05:57:52,2025-05-17 19:14:12
2025-05-17 00:00:00,Day 1,Ahmedabad,Forecast,23.0333,72.6167,31.7,35.03,31.48,31.7,55,1005,3.24,254,13,few clouds,0.0,2,17.32,48.88,2025-05-17 05:57:52,2025-05-17 19:14:12
2025-05-17 03:00:00,Day 1,Ahmedabad,Forecast,23.0333,72.6167,32.87,36.03,32.87,32.87,50,1007,3.14,257,6,clear sky,0.0,2,17.32,48.88,2025-05-17 05:57:52,2025-05-17 19:14:12
2025-05-17 06:00:00,Day 1,Ahmedabad,Forecast,23.0333,72.6167,36.84,40.87,36.84,36.84,40,1006,3.35,227,8,clear sky,0.0,2,17.32,48.88,2025-05-17 05:57:52,2025-05-17 19:14:12
2025-05-17 09:00:00,Day 1,Ahmedabad,Forecast,23.0333,72.6167,40.03,43.65,40.03,40.03,31,1003,3.36,233,5,clear sky,0.0,2,17.32,48.88,2025-05-17 05:57:52,2025-05-17 19:14:12
2025-05-17 12:00:00,Day 1,Ahmedabad,Forecast,23.0333,72.6167,38.63,41.73,38.63,38.63,33,1002,6.53,188,37,light rain,0.2,2,17.32,48.88,2025-05-17 05:57:52,2025-05-17 19:14:12
2025-05-17 15:00:00,Day 1,Ahmedabad,Forecast,23.0333,72.6167,33.77,37.26,33.77,33.77,48,1004,6.36,192,12,light rain,0.15,2,17.32,48.88,2025-05-17 05:57:52,2025-05-17 19:14:12
2025-05-17 18:00:00,Day 1,Ahmedabad,Forecast,23.0333,72.6167,32.5,36.7,32.5,32.5,55,1005,3.85,200,9,clear sky,0.0,2,17.32,48.88,2025-05-17 05:57:52,2025-05-17 19:14:12
2025-05-17 21:00:00,Day 1,Ahmedabad,Forecast,23.0333,72.6167,31.88,35.13,31.88,31.88,54,1004,4.37,273,6,clear sky,0.0,2,17.32,48.88,2025-05-17 05:57:52,2025-05-17 19:14:12
2025-05-18 00:00:00,Day 2,Ahmedabad,Forecast,23.0333,72.6167,31.2,34.28,31.2,31.2,56,1004,3.56,265,6,clear sky,0.0,2,17.32,48.88,2025-05-17 05:57:52,2025-05-17 19:14:12
2025-05-18 03:00:00,Day 2,Ahmedabad,Forecast,23.0333,72.6167,32.89,35.79,32.89,32.89,49,1006,3.13,251,4,clear sky,0.0,2,17.32,48.88,2025-05-17 05:57:52,2025-05-17 19:14:12
2025-05-18 06:00:00,Day 2,Ahmedabad,Forecast,23.0333,72.6167,37.0,40.43,37.0,37.0,38,1006,3.37,236,4,clear sky,0.0,2,17.32,48.88,2025-05-17 05:57:52,2025-05-17 19:14:12
2025-05-18 09:00:00,Day 2,Ahmedabad,Forecast,23.0333,72.6167,40.13,43.39,40.13,40.13,30,1003,4.31,224,2,clear sky,0.0,2,17.32,48.88,2025-05-17 05:57:52,2025-05-17 19:14:12
2025-05-18 12:00:00,Day 2,Ahmedabad,Forecast,23.0333,72.6167,39.1,41.83,39.1,39.1,31,1001,6.7,197,2,clear sky,0.0,2,17.32,48.88,2025-05-17 05:57:52,2025-05-17 19:14:12
2025-05-18 15:00:00,Day 2,Ahmedabad,Forecast,23.0333,72.6167,34.39,37.27,34.39,34.39,44,1003,5.46,180,4,clear sky,0.0,2,17.32,48.88,2025-05-17 05:57:52,2025-05-17 19:14:12
2025-05-18 18:00:00,Day 2,Ahmedabad,Forecast,23.0333,72.6167,32.83,36.23,32.83,32.83,51,1004,3.43,195,2,clear sky,0.0,2,17.32,48.88,2025-05-17 05:57:52,2025-05-17 19:14:12
2025-05-18 21:00:00,Day 2,Ahmedabad,Forecast,23.0333,72.6167,31.98,34.33,31.98,31.98,50,1004,3.16,299,7,clear sky,0.0,2,17.32,48.88,2025-05-17 05:57:52,2025-05-17 19:14:12
2025-05-19 00:00:00,Day 3,Ahmedabad,Forecast,23.0333,72.6167,31.47,33.42,31.47,31.47,50,1004,2.63,257,12,few clouds,0.0,2,17.32,48.88,2025-05-17 05:57:52,2025-05-17 19:14:12
2025-05-19 03:00:00,Day 3,Ahmedabad,Forecast,23.0333,72.6167,33.03,35.0,33.03,33.03,45,1006,4.15,256,5,clear sky,0.0,2,17.32,48.88,2025-05-17 05:57:52,2025-05-17 19:14:12
2025-05-19 06:00:00,Day 3,Ahmedabad,Forecast,23.0333,72.6167,37.15,39.63,37.15,37.15,35,1005,4.43,255,4,clear sky,0.0,2,17.32,48.88,2025-05-17 05:57:52,2025-05-17 19:14:12
2025-05-19 09:00:00,Day 3,Ahmedabad,Forecast,23.0333,72.6167,40.53,42.39,40.53,40.53,26,1002,4.44,254,48,scattered clouds,0.0,2,17.32,48.88,2025-05-17 05:57:52,2025-05-17 19:14:12
2025-05-19 12:00:00,Day 3,Ahmedabad,Forecast,23.0333,72.6167,40.63,41.75,40.63,40.63,24,1000,4.2,261,59,broken clouds,0.0,2,17.32,48.88,2025-05-17 05:57:52,2025-05-17 19:14:12
2025-05-19 15:00:00,Day 3,Ahmedabad,Forecast,23.0333,72.6167,35.62,38.4,35.62,35.62,40,1002,5.28,225,100,overcast clouds,0.0,2,17.32,48.88,2025-05-17 05:57:52,2025-05-17 19:14:12
2025-05-19 18:00:00,Day 3,Ahmedabad,Forecast,23.0333,72.6167,33.37,36.45,33.37,33.37,48,1003,3.74,232,88,overcast clouds,0.0,2,17.32,48.88,2025-05-17 05:57:52,2025-05-17 19:14:12
2025-05-19 21:00:00,Day 3,Ahmedabad,Forecast,23.0333,72.6167,31.61,34.12,31.61,31.61,52,1003,4.52,276,26,scattered clouds,0.0,2,17.32,48.88,2025-05-17 05:57:52,2025-05-17 19:14:12
2025-05-20 00:00:00,Day 4,Ahmedabad,Forecast,23.0333,72.6167,30.33,33.47,30.33,30.33,60,1003,4.37,288,17,few clouds,0.0,2,17.32,48.88,2025-05-17 05:57:52,2025-05-17 19:14:12
2025-05-20 03:00:00,Day 4,Ahmedabad,Forecast,23.0333,72.6167,31.93,34.72,31.93,31.93,52,1005,4.02,260,9,clear sky,0.0,2,17.32,48.88,2025-05-17 05:57:52,2025-05-17 19:14:12
2025-05-20 06:00:00,Day 4,Ahmedabad,Forecast,23.0333,72.6167,36.66,38.39,36.66,36.66,34,1005,4.46,235,14,few clouds,0.0,2,17.32,48.88,2025-05-17 05:57:52,2025-05-17 19:14:12
2025-05-20 09:00:00,Day 4,Ahmedabad,Forecast,23.0333,72.6167,39.85,41.6,39.85,39.85,27,1002,5.05,235,9,clear sky,0.0,2,17.32,48.88,2025-05-17 05:57:52,2025-05-17 19:14:12
2025-05-20 12:00:00,Day 4,Ahmedabad,Forecast,23.0333,72.6167,40.33,42.04,40.33,40.33,26,1000,4.62,230,5,clear sky,0.0,2,17.32,48.88,2025-05-17 05:57:52,2025-05-17 19:14:12
2025-05-20 15:00:00,Day 4,Ahmedabad,Forecast,23.0333,72.6167,35.47,38.77,35.47,35.47,42,1002,4.95,250,0,clear sky,0.0,2,17.32,48.88,2025-05-17 05:57:52,2025-05-17 19:14:12
2025-05-20 18:00:00,Day 4,Ahmedabad,Forecast,23.0333,72.6167,32.92,35.85,32.92,32.92,49,1003,4.12,256,0,clear sky,0.0,2,17.32,48.88,2025-05-17 05:57:52,2025-05-17 19:14:12
2025-05-20 21:00:00,Day 4,Ahmedabad,Forecast,23.0333,72.6167,31.03,33.72,31.03,31.03,55,1003,4.72,278,0,clear sky,0.0,2,17.32,48.88,2025-05-17 05:57:52,2025-05-17 19:14:12
2025-05-21 00:00:00,Day 5,Ahmedabad,Forecast,23.0333,72.6167,29.96,32.96,29.96,29.96,61,1004,4.21,278,0,clear sky,0.0,2,17.32,48.88,2025-05-17 05:57:52,2025-05-17 19:14:12
2025-05-21 03:00:00,Day 5,Ahmedabad,Forecast,23.0333,72.6167,31.95,34.51,31.95,31.95,51,1006,4.43,259,2,clear sky,0.0,2,17.32,48.88,2025-05-17 05:57:52,2025-05-17 19:14:12
2025-05-21 06:00:00,Day 5,Ahmedabad,Forecast,23.0333,72.6167,36.61,38.62,36.61,36.61,35,1005,4.51,258,1,clear sky,0.0,2,17.32,48.88,2025-05-17 05:57:52,2025-05-17 19:14:12
2025-05-21 09:00:00,Day 5,Ahmedabad,Forecast,23.0333,72.6167,40.05,41.95,40.05,40.05,27,1002,4.38,259,0,clear sky,0.0,2,17.32,48.88,2025-05-17 05:57:52,2025-05-17 19:14:12
2025-05-21 12:00:00,Day 5,Ahmedabad,Forecast,23.0333,72.6167,40.54,42.0,40.54,40.54,25,1000,4.37,265,0,clear sky,0.0,2,17.32,48.88,2025-05-17 05:57:52,2025-05-17 19:14:12
2025-05-21 15:00:00,Day 5,Ahmedabad,Forecast,23.0333,72.6167,35.64,38.43,35.64,35.64,40,1003,4.86,219,6,clear sky,0.0,2,17.32,48.88,2025-05-17 05:57:52,2025-05-17 19:14:12
2025-05-21 18:00:00,Day 5,Ahmedabad,Forecast,23.0333,72.6167,31.93,36.62,31.93,31.93,59,1005,4.59,201,3,clear sky,0.0,2,17.32,48.88,2025-05-17 05:57:52,2025-05-17 19:14:12
2025-05-16 21:00:00,Today,Pune,Forecast,18.5196,73.8553,26.33,26.33,26.08,26.33,77,1008,2.25,254,95,light rain,0.22,1,8.86,16.79,2025-05-17 06:00:21,2025-05-17 19:01:48
2025-05-17 00:00:00,Day 1,Pune,Forecast,18.5196,73.8553,25.74,26.46,25.38,25.74,80,1008,2.06,251,87,light rain,0.23,1,8.86,16.79,2025-05-17 06:00:21,2025-05-17 19:01:48
2025-05-17 03:00:00,Day 1,Pune,Forecast,18.5196,73.8553,27.23,29.25,27.23,27.23,70,1010,2.67,259,23,few clouds,0.0,1,8.86,16.79,2025-05-17 06:00:21,2025-05-17 19:01:48
2025-05-17 06:00:00,Day 1,Pune,Forecast,18.5196,73.8553,31.39,33.49,31.39,31.39,51,1009,2.39,277,18,few clouds,0.0,1,8.86,16.79,2025-05-17 06:00:21,2025-05-17 19:01:48
2025-05-17 09:00:00,Day 1,Pune,Forecast,18.5196,73.8553,32.82,34.87,32.82,32.82,46,1006,4.67,264,67,light rain,0.71,1,8.86,16.79,2025-05-17 06:00:21,2025-05-17 19:01:48
2025-05-17 12:00:00,Day 1,Pune,Forecast,18.5196,73.8553,30.52,33.2,30.52,30.52,57,1005,6.71,270,83,light rain,0.56,1,8.86,16.79,2025-05-17 06:00:21,2025-05-17 19:01:48
2025-05-17 15:00:00,Day 1,Pune,Forecast,18.5196,73.8553,27.11,29.22,27.11,27.11,72,1007,5.54,275,97,overcast clouds,0.0,1,8.86,16.79,2025-05-17 06:00:21,2025-05-17 19:01:48
2025-05-17 18:00:00,Day 1,Pune,Forecast,18.5196,73.8553,26.56,26.56,26.56,26.56,73,1010,1.88,271,99,light rain,0.63,1,8.86,16.79,2025-05-17 06:00:21,2025-05-17 19:01:48
2025-05-17 21:00:00,Day 1,Pune,Forecast,18.5196,73.8553,26.07,26.07,26.07,26.07,74,1007,2.29,271,100,overcast clouds,0.0,1,8.86,16.79,2025-05-17 06:00:21,2025-05-17 19:01:48
2025-05-18 00:00:00,Day 2,Pune,Forecast,18.5196,73.8553,25.88,26.46,25.88,25.88,74,1007,1.81,251,100,overcast clouds,0.0,1,8.86,16.79,2025-05-17 06:00:21,2025-05-17 19:01:48
2025-05-18 03:00:00,Day 2,Pune,Forecast,18.5196,73.8553,26.3,26.3,26.3,26.3,72,1009,0.96,193,100,overcast clouds,0.0,1,8.86,16.79,2025-05-17 06:00:21,2025-05-17 19:01:48
2025-05-18 06:00:00,Day 2,Pune,Forecast,18.5196,73.8553,28.29,30.01,28.29,28.29,61,1009,2.22,121,99,overcast clouds,0.0,1,8.86,16.79,2025-05-17 06:00:21,2025-05-17 19:01:48
2025-05-18 09:00:00,Day 2,Pune,Forecast,18.5196,73.8553,30.24,31.93,30.24,30.24,53,1006,3.06,288,98,overcast clouds,0.0,1,8.86,16.79,2025-05-17 06:00:21,2025-05-17 19:01:48
2025-05-18 12:00:00,Day 2,Pune,Forecast,18.5196,73.8553,31.18,32.92,31.18,31.18,50,1005,3.94,283,95,overcast clouds,0.0,1,8.86,16.79,2025-05-17 06:00:21,2025-05-17 19:01:48
2025-05-18 15:00:00,Day 2,Pune,Forecast,18.5196,73.8553,27.04,29.27,27.04,27.04,74,1007,3.84,263,96,light rain,0.74,1,8.86,16.79,2025-05-17 06:00:21,2025-05-17 19:01:48
2025-05-18 18:00:00,Day 2,Pune,Forecast,18.5196,73.8553,25.94,26.68,25.94,25.94,80,1008,2.88,286,98,overcast clouds,0.0,1,8.86,16.79,2025-05-17 06:00:21,2025-05-17 19:01:48
2025-05-18 21:00:00,Day 2,Pune,Forecast,18.5196,73.8553,25.58,26.28,25.58,25.58,80,1006,3.11,269,100,overcast clouds,0.0,1,8.86,16.79,2025-05-17 06:00:21,2025-05-17 19:01:48
2025-05-19 00:00:00,Day 3,Pune,Forecast,18.5196,73.8553,25.17,25.88,25.17,25.17,82,1007,2.18,296,100,overcast clouds,0.0,1,8.86,16.79,2025-05-17 06:00:21,2025-05-17 19:01:48
2025-05-19 03:00:00,Day 3,Pune,Forecast,18.5196,73.8553,26.86,28.78,26.86,26.86,72,1008,2.58,271,100,overcast clouds,0.0,1,8.86,16.79,2025-05-17 06:00:21,2025-05-17 19:01:48
2025-05-19 06:00:00,Day 3,Pune,Forecast,18.5196,73.8553,31.76,33.48,31.76,31.76,48,1007,1.8,277,98,overcast clouds,0.0,1,8.86,16.79,2025-05-17 06:00:21,2025-05-17 19:01:48
2025-05-19 09:00:00,Day 3,Pune,Forecast,18.5196,73.8553,34.92,37.07,34.92,34.92,40,1004,4.07,331,50,scattered clouds,0.0,1,8.86,16.79,2025-05-17 06:00:21,2025-05-17 19:01:48
2025-05-19 12:00:00,Day 3,Pune,Forecast,18.5196,73.8553,30.11,32.84,30.11,30.11,59,1004,5.86,269,73,light rain,1.59,1,8.86,16.79,2025-05-17 06:00:21,2025-05-17 19:01:48
2025-05-19 15:00:00,Day 3,Pune,Forecast,18.5196,73.8553,27.07,29.42,27.07,27.07,75,1006,4.51,271,42,light rain,1.2,1,8.86,16.79,2025-05-17 06:00:21,2025-05-17 19:01:48
2025-05-19 18:00:00,Day 3,Pune,Forecast,18.5196,73.8553,26.22,26.22,26.22,26.22,78,1006,4.75,271,71,broken clouds,0.0,1,8.86,16.79,2025-05-17 06:00:21,2025-05-17 19:01:48
2025-05-19 21:00:00,Day 3,Pune,Forecast,18.5196,73.8553,25.64,26.35,25.64,25.64,80,1006,3.59,264,100,light rain,0.66,1,8.86,16.79,2025-05-17 06:00:21,2025-05-17 19:01:48
2025-05-20 00:00:00,Day 4,Pune,Forecast,18.5196,73.8553,23.46,24.21,23.46,23.46,90,1007,4.88,119,100,heavy intensity rain,20.18,1,8.86,16.79,2025-05-17 06:00:21,2025-05-17 19:01:48
2025-05-20 03:00:00,Day 4,Pune,Forecast,18.5196,73.8553,25.0,25.67,25.0,25.0,81,1008,3.07,289,100,heavy intensity rain,12.81,1,8.86,16.79,2025-05-17 06:00:21,2025-05-17 19:01:48
2025-05-20 06:00:00,Day 4,Pune,Forecast,18.5196,73.8553,27.75,30.07,27.75,27.75,69,1008,4.1,313,100,overcast clouds,0.0,1,8.86,16.79,2025-05-17 06:00:21,2025-05-17 19:01:48
2025-05-20 09:00:00,Day 4,Pune,Forecast,18.5196,73.8553,29.92,32.49,29.92,29.92,59,1006,3.41,283,100,overcast clouds,0.0,1,8.86,16.79,2025-05-17 06:00:21,2025-05-17 19:01:48
2025-05-20 12:00:00,Day 4,Pune,Forecast,18.5196,73.8553,28.52,31.24,28.52,28.52,67,1005,4.4,279,100,light rain,1.96,1,8.86,16.79,2025-05-17 06:00:21,2025-05-17 19:01:48
2025-05-20 15:00:00,Day 4,Pune,Forecast,18.5196,73.8553,26.12,26.12,26.12,26.12,79,1006,3.81,263,93,overcast clouds,0.0,1,8.86,16.79,2025-05-17 06:00:21,2025-05-17 19:01:48
2025-05-20 18:00:00,Day 4,Pune,Forecast,18.5196,73.8553,25.37,26.13,25.37,25.37,83,1007,3.52,265,94,overcast clouds,0.0,1,8.86,16.79,2025-05-17 06:00:21,2025-05-17 19:01:48
2025-05-20 21:00:00,Day 4,Pune,Forecast,18.5196,73.8553,24.56,25.32,24.56,24.56,86,1006,3.19,272,100,overcast clouds,0.0,1,8.86,16.79,2025-05-17 06:00:21,2025-05-17 19:01:48
2025-05-21 00:00:00,Day 5,Pune,Forecast,18.5196,73.8553,24.02,24.72,24.02,24.02,86,1007,2.97,261,100,light rain,0.12,1,8.86,16.79,2025-05-17 06:00:21,2025-05-17 19:01:48
2025-05-21 03:00:00,Day 5,Pune,Forecast,18.5196,73.8553,26.05,26.05,26.05,26.05,73,1009,3.81,267,100,light rain,0.16,1,8.86,16.79,2025-05-17 06:00:21,2025-05-17 19:01:48
2025-05-21 06:00:00,Day 5,Pune,Forecast,18.5196,73.8553,30.2,32.42,30.2,30.2,56,1008,4.02,281,99,overcast clouds,0.0,1,8.86,16.79,2025-05-17 06:00:21,2025-05-17 19:01:48
2025-05-21 09:00:00,Day 5,Pune,Forecast,18.5196,73.8553,31.34,33.62,31.34,31.34,52,1006,4.18,286,100,overcast clouds,0.0,1,8.86,16.79,2025-05-17 06:00:21,2025-05-17 19:01:48
2025-05-21 12:00:00,Day 5,Pune,Forecast,18.5196,73.8553,28.76,31.08,28.76,28.76,63,1005,2.19,261,98,moderate rain,4.44,1,8.86,16.79,2025-05-17 06:00:21,2025-05-17 19:01:48
2025-05-21 15:00:00,Day 5,Pune,Forecast,18.5196,73.8553,25.32,25.97,25.32,25.32,79,1008,2.58,253,100,heavy intensity rain,16.41,1,8.86,16.79,2025-05-17 06:00:21,2025-05-17 19:01:48
2025-05-21 18:00:00,Day 5,Pune,Forecast,18.5196,73.8553,25.88,26.56,25.88,25.88,78,1008,3.47,262,100,overcast clouds,0.0,1,8.86,16.79,2025-05-17 06:00:21,2025-05-17 19:01:48
